date,price
2010-06-01,973.233
2010-06-02,997.119
2010-06-03,998.394
2010-06-04,1027.681
2010-06-07,1069.468
2010-06-08,1067.154
2010-06-09,1077.823
2010-06-10,1117.478
2010-06-11,1122.199
2010-06-17,1064.839
2010-06-18,1000.277
2010-06-21,1040.802
2010-06-22,1034.995
2010-06-23,1047.337
2010-06-24,1050.601
2010-06-25,1016.283
2010-06-28,987.827
2010-06-29,913.309
2010-06-30,919.314
2010-07-01,882.19
2010-07-02,873.12
2010-07-05,862.268
2010-07-06,893.718
2010-07-07,908.549
2010-07-08,905.509
2010-07-09,932.147
2010-07-12,930.173
2010-07-13,931.08
2010-07-14,922.362
2010-07-15,892.557
2010-07-16,892.298
2010-07-19,908.049
2010-07-20,937.017
2010-07-21,941.25
2010-07-22,950.209
2010-07-23,960.588
2010-07-26,966.154
2010-07-27,957.967
2010-07-28,972.534
2010-07-29,975.362
2010-07-30,968.431
2010-08-02,994.228
2010-08-03,975.645
2010-08-04,978.014
2010-08-05,987.351
2010-08-06,1011.39
2010-08-09,1032.339
2010-08-10,993.992
2010-08-11,1004.637
2010-08-12,991.777
2010-08-13,1007.206
2010-08-16,1030.217
2010-08-17,1033.581
2010-08-18,1026.722
2010-08-19,1025.526
2010-08-20,995.944
2010-08-23,995.613
2010-08-24,1004.985
2010-08-25,976.878
2010-08-26,980.63
2010-08-27,999.456
2010-08-30,1024.928
2010-08-31,1025.57
2010-09-01,995.586
2010-09-02,1014.922
2010-09-03,1036.703
2010-09-06,1010.764
2010-09-07,1022.622
2010-09-08,1026.327
2010-09-09,1021.832
2010-09-10,1034.939
2010-09-13,1042.482
2010-09-14,1031.219
2010-09-15,990.103
2010-09-16,972.602
2010-09-17,972.229
2010-09-20,949.195
2010-09-21,934.461
2010-09-27,950.671
2010-09-28,942.049
2010-09-29,926.758
2010-09-30,942.539
2010-10-08,959.863
2010-10-11,947.11
2010-10-12,951.79
2010-10-13,962.738
2010-10-14,958.495
2010-10-15,944.254
2010-10-18,932.359
2010-10-19,995.922
2010-10-20,1004.542
2010-10-21,991.842
2010-10-22,1013.448
2010-10-25,1039.054
2010-10-26,1036.007
2010-10-27,1030.593
2010-10-28,1038.622
2010-10-29,1064.522
2010-11-01,1107.523
2010-11-02,1075.151
2010-11-03,1040.621
2010-11-04,1057.714
2010-11-05,1072.219
2010-11-08,1107.061
2010-11-09,1115.648
2010-11-10,1141.582
2010-11-11,1132.722
2010-11-12,1082.24
2010-11-15,1148.539
2010-11-16,1126.175
2010-11-17,1085.349
2010-11-18,1102.845
2010-11-19,1153.171
2010-11-22,1174.938
2010-11-23,1183.502
2010-11-24,1208.45
2010-11-25,1186.358
2010-11-26,1196.019
2010-11-29,1220.11
2010-11-30,1181.504
2010-12-01,1177.175
2010-12-02,1177.84
2010-12-03,1157.939
2010-12-06,1134.383
2010-12-07,1161.692
2010-12-08,1160.239
2010-12-09,1144.531
2010-12-10,1166.801
2010-12-13,1209.271
2010-12-14,1218.52
2010-12-15,1211.804
2010-12-16,1225.03
2010-12-17,1232.982
2010-12-20,1212.337
2010-12-21,1215.022
2010-12-22,1201.647
2010-12-23,1176.364
2010-12-24,1144.502
2010-12-27,1105.296
2010-12-28,1091.483
2010-12-29,1113.31
2010-12-30,1117.214
2010-12-31,1137.662
2011-01-04,1155.106
2011-01-05,1155.349
2011-01-06,1134.792
2011-01-07,1126.517
2011-01-10,1093.765
2011-01-11,1078.365
2011-01-12,1089.673
2011-01-13,1093.856
2011-01-14,1067.418
2011-01-17,1028.161
2011-01-18,1025.716
2011-01-19,1048.535
2011-01-20,1020.389
2011-01-21,1024.505
2011-01-24,994.967
2011-01-25,978.998
2011-01-26,995.744
2011-01-27,1013.024
2011-01-28,1020.938
2011-01-31,1029.12
2011-02-01,1032.604
2011-02-09,1025.152
2011-02-10,1063.946
2011-02-11,1071.582
2011-02-14,1086.558
2011-02-15,1087.725
2011-02-16,1107.24
2011-02-17,1115.334
2011-02-18,1100.461
2011-02-21,1117.672
2011-02-22,1088.266
2011-02-23,1114.052
2011-02-24,1101.953
2011-02-25,1095.098
2011-02-28,1099.776
2011-03-01,1098.003
2011-03-02,1088.897
2011-03-03,1064.307
2011-03-04,1071.86
2011-03-07,1078.111
2011-03-08,1084.821
2011-03-09,1087.299
2011-03-10,1093.904
2011-03-11,1101.76
2011-03-14,1107.537
2011-03-15,1094.954
2011-03-16,1102.215
2011-03-17,1078.371
2011-03-18,1083.597
2011-03-21,1070.601
2011-03-22,1067.285
2011-03-23,1076.563
2011-03-24,1077.988
2011-03-25,1072.343
2011-03-28,1052.113
2011-03-29,1019.04
2011-03-30,1006.366
2011-03-31,1008.296
2011-04-01,1015.076
2011-04-06,994.261
2011-04-07,1004.412
2011-04-08,1019.142
2011-04-11,1002.804
2011-04-12,1000.165
2011-04-13,1020.747
2011-04-14,1016.616
2011-04-15,1010.058
2011-04-18,1003.258
2011-04-19,994.299
2011-04-20,1008.18
2011-04-21,1010.56
2011-04-22,1004.646
2011-04-25,975.175
2011-04-26,958.292
2011-04-27,942.543
2011-04-28,904.147
2011-04-29,912.715
2011-05-03,922.072
2011-05-04,903.985
2011-05-05,914.593
2011-05-06,918.282
2011-05-09,931.77
2011-05-10,931.205
2011-05-11,929.953
2011-05-12,909.255
2011-05-13,909.774
2011-05-16,906.337
2011-05-17,895.149
2011-05-18,890.794
2011-05-19,884.89
2011-05-20,875.43
2011-05-23,840.898
2011-05-24,870.939
2011-05-25,842.35
2011-05-26,830.921
2011-05-27,822.944
2011-05-30,834.316
2011-05-31,846.315
2011-06-01,851.166
2011-06-02,833.737
2011-06-03,847.545
2011-06-07,847.709
2011-06-08,844.978
2011-06-09,828.016
2011-06-10,824.03
2011-06-13,829.359
2011-06-14,838.474
2011-06-15,827.533
2011-06-16,810.709
2011-06-17,802.637
2011-06-20,791.758
2011-06-21,795.608
2011-06-22,791.513
2011-06-23,814.444
2011-06-24,832.324
2011-06-27,843.859
2011-06-28,844.177
2011-06-29,836.384
2011-06-30,845.919
2011-07-01,855.27
2011-07-04,876.168
2011-07-05,883.417
2011-07-06,894.277
2011-07-07,899.798
2011-07-08,894.909
2011-07-11,903.31
2011-07-12,891.516
2011-07-13,913.085
2011-07-14,932.775
2011-07-15,951.138
2011-07-18,946.118
2011-07-19,927.297
2011-07-20,930.828
2011-07-21,915.368
2011-07-22,923.995
2011-07-25,887.063
2011-07-26,892.54
2011-07-27,915.548
2011-07-28,919.395
2011-07-29,913.278
2011-08-01,927.384
2011-08-02,932.121
2011-08-03,945.509
2011-08-04,937.475
2011-08-05,919.185
2011-08-08,877.443
2011-08-09,878.761
2011-08-10,891.752
2011-08-11,915.489
2011-08-12,926.297
2011-08-15,942.485
2011-08-16,933.139
2011-08-17,936.159
2011-08-18,915.684
2011-08-19,912.421
2011-08-22,910.606
2011-08-23,936.416
2011-08-24,940.196
2011-08-25,942.944
2011-08-26,952.806
2011-08-29,954.029
2011-08-30,934.185
2011-08-31,921.495
2011-09-01,917.751
2011-09-02,909.853
2011-09-05,883.873
2011-09-06,874.738
2011-09-07,899.614
2011-09-08,891.932
2011-09-09,881.577
2011-09-13,861.916
2011-09-14,876.949
2011-09-15,875.861
2011-09-16,874.883
2011-09-19,854.712
2011-09-20,856.812
2011-09-21,881.031
2011-09-22,852.92
2011-09-23,843.479
2011-09-26,829.347
2011-09-27,830.884
2011-09-28,817.515
2011-09-29,791.894
2011-09-30,791.134
2011-10-10,790.042
2011-10-11,786.151
2011-10-12,816.138
2011-10-13,833.021
2011-10-14,830.197
2011-10-17,832.289
2011-10-18,806.6
2011-10-19,804.436
2011-10-20,778.954
2011-10-21,763.295
2011-10-24,772.41
2011-10-25,797.858
2011-10-26,811.134
2011-10-27,810.922
2011-10-28,833.423
2011-10-31,852.798
2011-11-01,853.359
2011-11-02,881.047
2011-11-03,877.658
2011-11-04,882.253
2011-11-07,878.758
2011-11-08,862.36
2011-11-09,891.123
2011-11-10,895.272
2011-11-11,891.193
2011-11-14,915.977
2011-11-15,920.974
2011-11-16,893.508
2011-11-17,898.339
2011-11-18,869.19
2011-11-21,863.134
2011-11-22,868.432
2011-11-23,864.811
2011-11-24,868.142
2011-11-25,863.495
2011-11-28,866.837
2011-11-29,880.313
2011-11-30,838.108
2011-12-01,852.872
2011-12-02,829.176
2011-12-05,792.495
2011-12-06,798.096
2011-12-07,802.625
2011-12-08,809.431
2011-12-09,798.837
2011-12-12,790.792
2011-12-13,768.924
2011-12-14,755.762
2011-12-15,746.555
2011-12-16,778.775
2011-12-19,793.44
2011-12-20,781.418
2011-12-21,761.337
2011-12-22,757.896
2011-12-23,761.442
2011-12-26,753.049
2011-12-27,727.173
2011-12-28,717.554
2011-12-29,716.549
2011-12-30,729.504
2012-01-04,707.107
2012-01-05,666.905
2012-01-06,669.017
2012-01-09,692.418
2012-01-10,716.453
2012-01-11,717.936
2012-01-12,709.89
2012-01-13,666.078
2012-01-16,633.908
2012-01-17,662.69
2012-01-18,624.911
2012-01-19,632.799
2012-01-20,646.383
2012-01-30,651.246
2012-01-31,648.681
2012-02-01,650.776
2012-02-02,665.402
2012-02-03,680.045
2012-02-06,686.508
2012-02-07,673.679
2012-02-08,692.303
2012-02-09,697.79
2012-02-10,698.854
2012-02-13,714.956
2012-02-14,712.296
2012-02-15,724.751
2012-02-16,721.832
2012-02-17,717.797
2012-02-20,721.099
2012-02-21,736.882
2012-02-22,759.562
2012-02-23,756.897
2012-02-24,762.29
2012-02-27,760.373
2012-02-28,747.768
2012-02-29,735.336
2012-03-01,743.148
2012-03-02,757.669
2012-03-05,759.369
2012-03-06,750.837
2012-03-07,749.266
2012-03-08,761.703
2012-03-09,777.694
2012-03-12,786.049
2012-03-13,792.378
2012-03-14,756.459
2012-03-15,746.441
2012-03-16,765.562
2012-03-19,779.557
2012-03-20,755.583
2012-03-21,751.791
2012-03-22,750.851
2012-03-23,737.892
2012-03-26,737.213
2012-03-27,735.734
2012-03-28,698.486
2012-03-29,683.959
2012-03-30,678.519
2012-04-05,697.751
2012-04-06,701.901
2012-04-09,689.715
2012-04-10,697.165
2012-04-11,698.487
2012-04-12,713.124
2012-04-13,718.959
2012-04-16,716.229
2012-04-17,709.139
2012-04-18,723.462
2012-04-19,725.12
2012-04-20,728.718
2012-04-23,690.432
2012-04-24,681.534
2012-04-25,682.524
2012-04-26,678.444
2012-04-27,685.131
2012-05-02,693.609
2012-05-03,699.306
2012-05-04,713.186
2012-05-07,733.045
2012-05-08,731.723
2012-05-09,719.35
2012-05-10,727.285
2012-05-11,721.078
2012-05-14,719.872
2012-05-15,720.115
2012-05-16,709.956
2012-05-17,716.17
2012-05-18,706.216
2012-05-21,704.803
2012-05-22,714.662
2012-05-23,713.017
2012-05-24,712.577
2012-05-25,702.724
2012-05-28,706.47
2012-05-29,720.454
2012-05-30,727.188
2012-05-31,734.454
2012-06-01,734.257
2012-06-04,717.101
2012-06-05,715.93
2012-06-06,715.24
2012-06-07,711.428
2012-06-08,713.921
2012-06-11,734.504
2012-06-12,735.294
2012-06-13,746.505
2012-06-14,740.966
2012-06-15,742.268
2012-06-18,752.978
2012-06-19,747.492
2012-06-20,748.388
2012-06-21,739.047
2012-06-25,720.6
2012-06-26,715.924
2012-06-27,718.928
2012-06-28,711.144
2012-06-29,726.684
2012-07-02,741.186
2012-07-03,743.902
2012-07-04,739.624
2012-07-05,724.313
2012-07-06,737.289
2012-07-09,722.281
2012-07-10,713.526
2012-07-11,719.299
2012-07-12,734.323
2012-07-13,725.788
2012-07-16,691.385
2012-07-17,697.003
2012-07-18,702.138
2012-07-19,709.166
2012-07-20,706.25
2012-07-23,704.573
2012-07-24,706.396
2012-07-25,708.301
2012-07-26,706.725
2012-07-27,703.581
2012-07-30,688.474
2012-07-31,676.96
2012-08-01,689.489
2012-08-02,690.982
2012-08-03,711.925
2012-08-06,730.419
2012-08-07,736.012
2012-08-08,730.065
2012-08-09,743.199
2012-08-10,743.073
2012-08-13,727.637
2012-08-14,736.347
2012-08-15,729.73
2012-08-16,723.53
2012-08-17,721.049
2012-08-20,730.866
2012-08-21,748.935
2012-08-22,746.853
2012-08-23,750.561
2012-08-24,733.309
2012-08-27,722.574
2012-08-28,727.616
2012-08-29,726.941
2012-08-30,704.035
2012-08-31,706.625
2012-09-03,723.871
2012-09-04,722.721
2012-09-05,730.616
2012-09-06,739.741
2012-09-07,759.46
2012-09-10,762.313
2012-09-11,761.731
2012-09-12,762.511
2012-09-13,749.892
2012-09-14,744.464
2012-09-17,724.145
2012-09-18,723.61
2012-09-19,728.251
2012-09-20,706.693
2012-09-21,691.138
2012-09-24,690.338
2012-09-25,682.335
2012-09-26,661.49
2012-09-27,676.957
2012-09-28,689.64
2012-10-08,690.767
2012-10-09,712.702
2012-10-10,721.848
2012-10-11,711.797
2012-10-12,708.868
2012-10-15,701.964
2012-10-16,705.388
2012-10-17,709.094
2012-10-18,720.524
2012-10-19,719.448
2012-10-22,724.278
2012-10-23,711.262
2012-10-24,707.753
2012-10-25,697.436
2012-10-26,685.333
2012-10-29,688.12
2012-10-30,689.61
2012-10-31,691.653
2012-11-01,701.778
2012-11-02,701.38
2012-11-05,692.868
2012-11-06,690.497
2012-11-07,689.746
2012-11-08,675.849
2012-11-09,672.67
2012-11-12,676.597
2012-11-13,667.327
2012-11-14,665.185
2012-11-15,659.211
2012-11-16,656.196
2012-11-19,656.936
2012-11-20,656.606
2012-11-21,660.032
2012-11-22,651.826
2012-11-23,651.43
2012-11-26,638.878
2012-11-27,616.284
2012-11-28,607.67
2012-11-29,603.17
2012-11-30,606.766
2012-12-03,593.66
2012-12-04,600.801
2012-12-05,624.824
2012-12-06,624.318
2012-12-07,637.487
2012-12-10,646.319
2012-12-11,641.167
2012-12-12,639.509
2012-12-13,632.181
2012-12-14,656.217
2012-12-17,649.612
2012-12-18,646.046
2012-12-19,652.101
2012-12-20,658.311
2012-12-21,668.089
2012-12-24,679.759
2012-12-25,694.116
2012-12-26,709.075
2012-12-27,699.569
2012-12-28,707.668
2012-12-31,713.863
2013-01-04,705.342
2013-01-07,718.114
2013-01-08,733.138
2013-01-09,734.506
2013-01-10,741.18
2013-01-11,731.587
2013-01-14,760.55
2013-01-15,778.603
2013-01-16,774.485
2013-01-17,768.308
2013-01-18,787.386
2013-01-21,792.6
2013-01-22,775.135
2013-01-23,778.478
2013-01-24,757.869
2013-01-25,762.848
2013-01-28,784.76
2013-01-29,791.671
2013-01-30,783.682
2013-01-31,776.005
2013-02-01,782.363
2013-02-04,771.902
2013-02-05,780.981
2013-02-06,791.263
2013-02-07,805.586
2013-02-08,823.028
2013-02-18,835.277
2013-02-19,819.709
2013-02-20,850.863
2013-02-21,839.298
2013-02-22,838.763
2013-02-25,855.694
2013-02-26,851.217
2013-02-27,846.09
2013-02-28,861.095
2013-03-01,884.891
2013-03-04,863.5
2013-03-05,888.099
2013-03-06,902.903
2013-03-07,877.337
2013-03-08,864.699
2013-03-11,869.15
2013-03-12,839.836
2013-03-13,834.049
2013-03-14,842.036
2013-03-15,853.906
2013-03-18,852.117
2013-03-19,842.685
2013-03-20,866.267
2013-03-21,882.734
2013-03-22,882.001
2013-03-25,881.756
2013-03-26,876.361
2013-03-27,882.752
2013-03-28,867.511
2013-03-29,866.455
2013-04-01,877.001
2013-04-02,845.163
2013-04-03,835.138
2013-04-08,853.484
2013-04-09,861.991
2013-04-10,850.533
2013-04-11,847.782
2013-04-12,846.612
2013-04-15,836.342
2013-04-16,846.054
2013-04-17,867.511
2013-04-18,873.481
2013-04-19,892.21
2013-04-22,916.021
2013-04-23,893.79
2013-04-24,923.406
2013-04-25,903.634
2013-04-26,889.381
2013-05-02,913.651
2013-05-03,939.21
2013-05-06,958.022
2013-05-07,957.44
2013-05-08,980.083
2013-05-09,992.161
2013-05-10,988.3
2013-05-13,995.109
2013-05-14,976.333
2013-05-15,1012.656
2013-05-16,1009.526
2013-05-17,1023.403
2013-05-20,1051.653
2013-05-21,1073.583
2013-05-22,1039.811
2013-05-23,1042.897
2013-05-24,1073.782
2013-05-27,1089.724
2013-05-28,1059.002
2013-05-29,1065.96
2013-05-30,1073.869
2013-05-31,1073.023
2013-06-03,1052.136
2013-06-04,1022.46
2013-06-05,1032.756
2013-06-06,1022.13
2013-06-07,1030.139
2013-06-13,1029.275
2013-06-14,1068.147
2013-06-17,1073.691
2013-06-18,1072.93
2013-06-19,1067.625
2013-06-20,1029.528
2013-06-21,1025.497
2013-06-24,971.454
2013-06-25,984.746
2013-06-26,1038.976
2013-06-27,1022.503
2013-06-28,1011.658
2013-07-01,1055.839
2013-07-02,1083.248
2013-07-03,1104.578
2013-07-04,1087.904
2013-07-05,1057.273
2013-07-08,1030.604
2013-07-09,1050.715
2013-07-10,1068.857
2013-07-11,1080.782
2013-07-12,1096.296
2013-07-15,1139.567
2013-07-16,1143.195
2013-07-17,1129.48
2013-07-18,1127.966
2013-07-19,1116.005
2013-07-22,1153.772
2013-07-23,1178.588
2013-07-24,1203.308
2013-07-25,1150.387
2013-07-26,1158.354
2013-07-29,1136.984
2013-07-30,1124.102
2013-07-31,1134.015
2013-08-01,1190.113
2013-08-02,1188.851
2013-08-05,1202.832
2013-08-06,1211.782
2013-08-07,1175.702
2013-08-08,1185.955
2013-08-09,1172.519
2013-08-12,1161.872
2013-08-13,1172.329
2013-08-14,1180.656
2013-08-15,1167.094
2013-08-16,1132.086
2013-08-19,1171.402
2013-08-20,1175.783
2013-08-21,1181.34
2013-08-22,1197.134
2013-08-23,1219.825
2013-08-26,1238.172
2013-08-27,1250.751
2013-08-28,1227.995
2013-08-29,1226.296
2013-08-30,1185.145
2013-09-02,1210.185
2013-09-03,1234.587
2013-09-04,1236.35
2013-09-05,1267.26
2013-09-06,1282.746
2013-09-09,1275.912
2013-09-10,1263.589
2013-09-11,1220.705
2013-09-12,1220.633
2013-09-13,1253.448
2013-09-16,1278.798
2013-09-17,1269.36
2013-09-18,1289.642
2013-09-23,1326.091
2013-09-24,1328.404
2013-09-25,1323.04
2013-09-26,1306.344
2013-09-27,1323.759
2013-09-30,1367.912
2013-10-08,1387.663
2013-10-09,1415.833
2013-10-10,1378.148
2013-10-11,1379.9
2013-10-14,1393.602
2013-10-15,1389.749
2013-10-16,1335.1
2013-10-17,1322.988
2013-10-18,1349.937
2013-10-21,1400.967
2013-10-22,1350.473
2013-10-23,1311.231
2013-10-24,1295.932
2013-10-25,1269.171
2013-10-28,1279.05
2013-10-29,1261.684
2013-10-30,1273.291
2013-10-31,1235.555
2013-11-01,1221.962
2013-11-04,1222.456
2013-11-05,1260.025
2013-11-06,1241.789
2013-11-07,1224.05
2013-11-08,1211.11
2013-11-11,1212.689
2013-11-12,1228.346
2013-11-13,1212.08
2013-11-14,1249.667
2013-11-15,1269.052
2013-11-18,1291.151
2013-11-19,1298.166
2013-11-20,1299.264
2013-11-21,1298.953
2013-11-22,1295.067
2013-11-25,1293.795
2013-11-26,1291.854
2013-11-27,1329.477
2013-11-28,1336.661
2013-11-29,1366.834
2013-12-02,1253.929
2013-12-03,1255.329
2013-12-04,1240.287
2013-12-05,1202.066
2013-12-06,1206.783
2013-12-09,1241.715
2013-12-10,1231.921
2013-12-11,1244.505
2013-12-12,1279.318
2013-12-13,1278.143
2013-12-16,1279.958
2013-12-17,1267.673
2013-12-18,1256.0
2013-12-19,1256.084
2013-12-20,1253.714
2013-12-23,1242.806
2013-12-24,1258.823
2013-12-25,1288.341
2013-12-26,1269.535
2013-12-27,1294.302
2013-12-30,1307.988
2013-12-31,1304.444
2014-01-02,1333.003
2014-01-03,1352.84
2014-01-06,1323.328
2014-01-07,1352.276
2014-01-08,1405.023
2014-01-09,1380.244
2014-01-10,1353.302
2014-01-13,1362.788
2014-01-14,1400.916
2014-01-15,1415.323
2014-01-16,1395.163
2014-01-17,1395.509
2014-01-20,1372.736
2014-01-21,1407.152
2014-01-22,1431.741
2014-01-23,1461.525
2014-01-24,1484.432
2014-01-27,1477.669
2014-01-28,1471.34
2014-01-29,1496.527
2014-01-30,1495.978
2014-02-07,1532.687
2014-02-10,1553.415
2014-02-11,1527.151
2014-02-12,1539.966
2014-02-13,1485.131
2014-02-14,1515.784
2014-02-17,1558.616
2014-02-18,1545.341
2014-02-19,1544.402
2014-02-20,1515.164
2014-02-21,1519.665
2014-02-24,1540.026
2014-02-25,1472.691
2014-02-26,1465.985
2014-02-27,1414.657
2014-02-28,1434.894
2014-03-03,1465.139
2014-03-04,1460.452
2014-03-05,1464.578
2014-03-06,1462.528
2014-03-07,1460.611
2014-03-10,1407.073
2014-03-11,1395.813
2014-03-12,1399.266
2014-03-13,1436.856
2014-03-14,1434.021
2014-03-17,1477.415
2014-03-18,1485.64
2014-03-19,1466.217
2014-03-20,1417.658
2014-03-21,1419.84
2014-03-24,1397.294
2014-03-25,1394.824
2014-03-26,1417.614
2014-03-27,1367.964
2014-03-28,1330.5
2014-03-31,1327.8
2014-04-01,1355.051
2014-04-02,1327.983
2014-04-03,1326.176
2014-04-04,1346.738
2014-04-08,1351.183
2014-04-09,1370.462
2014-04-10,1381.142
2014-04-11,1363.899
2014-04-14,1372.728
2014-04-15,1369.889
2014-04-16,1359.304
2014-04-17,1367.591
2014-04-18,1377.419
2014-04-21,1363.851
2014-04-22,1336.187
2014-04-23,1326.438
2014-04-24,1319.505
2014-04-25,1291.903
2014-04-28,1257.263
2014-04-29,1266.543
2014-04-30,1283.209
2014-05-05,1302.146
2014-05-06,1316.858
2014-05-07,1290.025
2014-05-08,1279.837
2014-05-09,1258.584
2014-05-12,1278.282
2014-05-13,1276.244
2014-05-14,1278.661
2014-05-15,1253.879
2014-05-16,1226.473
2014-05-19,1228.371
2014-05-20,1244.647
2014-05-21,1257.796
2014-05-22,1269.513
2014-05-23,1295.998
2014-05-26,1320.759
2014-05-27,1306.284
2014-05-28,1338.971
2014-05-29,1314.212
2014-05-30,1318.127
2014-06-03,1319.625
2014-06-04,1321.718
2014-06-05,1355.482
2014-06-06,1350.447
2014-06-09,1326.675
2014-06-10,1353.871
2014-06-11,1367.388
2014-06-12,1363.739
2014-06-13,1382.733
2014-06-16,1395.611
2014-06-17,1377.431
2014-06-18,1363.991
2014-06-19,1320.655
2014-06-20,1333.982
2014-06-23,1361.283
2014-06-24,1369.439
2014-06-25,1358.708
2014-06-26,1386.273
2014-06-27,1388.815
2014-06-30,1404.71
2014-07-01,1411.736
2014-07-02,1419.937
2014-07-03,1422.603
2014-07-04,1411.638
2014-07-07,1393.889
2014-07-08,1410.725
2014-07-09,1384.579
2014-07-10,1363.882
2014-07-11,1359.342
2014-07-14,1367.07
2014-07-15,1341.269
2014-07-16,1318.615
2014-07-17,1312.809
2014-07-18,1305.922
2014-07-21,1306.965
2014-07-22,1329.349
2014-07-23,1293.094
2014-07-24,1271.879
2014-07-25,1285.768
2014-07-28,1314.527
2014-07-29,1331.764
2014-07-30,1342.738
2014-07-31,1344.544
2014-08-01,1325.938
2014-08-04,1329.821
2014-08-05,1360.692
2014-08-06,1365.74
2014-08-07,1362.028
2014-08-08,1377.445
2014-08-11,1397.784
2014-08-12,1396.438
2014-08-13,1384.309
2014-08-14,1380.303
2014-08-15,1392.451
2014-08-18,1428.739
2014-08-19,1436.396
2014-08-20,1427.404
2014-08-21,1447.881
2014-08-22,1461.722
2014-08-25,1443.806
2014-08-26,1411.15
2014-08-27,1420.54
2014-08-28,1403.795
2014-08-29,1424.469
2014-09-01,1452.843
2014-09-02,1465.033
2014-09-03,1477.673
2014-09-04,1495.513
2014-09-05,1489.835
2014-09-09,1494.017
2014-09-10,1504.914
2014-09-11,1513.014
2014-09-12,1524.121
2014-09-15,1526.135
2014-09-16,1473.13
2014-09-17,1479.118
2014-09-18,1490.787
2014-09-19,1499.124
2014-09-22,1483.353
2014-09-23,1500.99
2014-09-24,1517.421
2014-09-25,1508.416
2014-09-26,1511.357
2014-09-29,1526.175
2014-09-30,1540.874
2014-10-08,1557.568
2014-10-09,1561.166
2014-10-10,1554.217
2014-10-13,1548.327
2014-10-14,1539.119
2014-10-15,1545.623
2014-10-16,1526.56
2014-10-17,1511.054
2014-10-20,1532.38
2014-10-21,1517.483
2014-10-22,1504.552
2014-10-23,1477.837
2014-10-24,1477.588
2014-10-27,1492.01
2014-10-28,1522.052
2014-10-29,1530.084
2014-10-30,1525.767
2014-10-31,1513.267
2014-11-03,1529.892
2014-11-04,1516.396
2014-11-05,1512.487
2014-11-06,1532.52
2014-11-07,1522.625
2014-11-10,1514.818
2014-11-11,1461.508
2014-11-12,1475.753
2014-11-13,1442.859
2014-11-14,1441.213
2014-11-17,1471.685
2014-11-18,1481.86
2014-11-19,1505.552
2014-11-20,1494.591
2014-11-21,1504.833
2014-11-24,1507.811
2014-11-25,1541.922
2014-11-26,1554.22
2014-11-27,1563.409
2014-11-28,1570.851
2014-12-01,1552.306
2014-12-02,1565.417
2014-12-03,1604.447
2014-12-04,1621.845
2014-12-05,1581.907
2014-12-08,1567.163
2014-12-09,1504.623
2014-12-10,1572.685
2014-12-11,1587.665
2014-12-12,1623.569
2014-12-15,1657.498
2014-12-16,1649.582
2014-12-17,1644.212
2014-12-18,1634.052
2014-12-19,1596.811
2014-12-22,1517.928
2014-12-23,1496.534
2014-12-24,1519.798
2014-12-25,1529.468
2014-12-26,1536.082
2014-12-29,1499.4
2014-12-30,1460.108
2014-12-31,1471.764
2015-01-05,1464.774
2015-01-06,1539.828
2015-01-07,1523.387
2015-01-08,1541.887
2015-01-09,1553.239
2015-01-12,1586.124
2015-01-13,1601.168
2015-01-14,1588.007
2015-01-15,1586.335
2015-01-16,1639.555
2015-01-19,1630.065
2015-01-20,1700.852
2015-01-21,1722.581
2015-01-22,1744.037
2015-01-23,1697.288
2015-01-26,1739.79
2015-01-27,1743.675
2015-01-28,1731.413
2015-01-29,1711.372
2015-01-30,1680.58
2015-02-02,1696.829
2015-02-03,1750.906
2015-02-04,1757.739
2015-02-05,1774.312
2015-02-06,1730.966
2015-02-09,1708.845
2015-02-10,1747.675
2015-02-11,1772.845
2015-02-12,1788.809
2015-02-13,1825.488
2015-02-16,1896.628
2015-02-17,1894.306
2015-02-25,1876.745
2015-02-26,1880.388
2015-02-27,1928.044
2015-03-02,1986.986
2015-03-03,1961.743
2015-03-04,2009.827
2015-03-05,2014.786
2015-03-06,1951.398
2015-03-09,1994.39
2015-03-10,2045.322
2015-03-11,2035.829
2015-03-12,2018.132
2015-03-13,2069.072
2015-03-16,2142.672
2015-03-17,2137.462
2015-03-18,2182.919
2015-03-19,2183.878
2015-03-20,2213.766
2015-03-23,2293.649
2015-03-24,2357.969
2015-03-25,2385.014
2015-03-26,2291.789
2015-03-27,2323.818
2015-03-30,2290.476
2015-03-31,2335.171
2015-04-01,2404.909
2015-04-02,2475.325
2015-04-03,2510.16
2015-04-07,2556.698
2015-04-08,2488.158
2015-04-09,2496.487
2015-04-10,2552.829
2015-04-13,2577.776
2015-04-14,2558.848
2015-04-15,2441.739
2015-04-16,2484.33
2015-04-17,2463.99
2015-04-20,2424.848
2015-04-21,2566.091
2015-04-22,2634.931
2015-04-23,2706.185
2015-04-24,2734.75
2015-04-27,2747.497
2015-04-28,2687.974
2015-04-29,2797.524
2015-04-30,2857.89
2015-05-04,2845.252
2015-05-05,2783.443
2015-05-06,2846.558
2015-05-07,2806.047
2015-05-08,2973.596
2015-05-11,3146.83
2015-05-12,3250.296
2015-05-13,3192.147
2015-05-14,3141.593
2015-05-15,3145.335
2015-05-18,3278.483
2015-05-19,3322.774
2015-05-20,3406.284
2015-05-21,3527.413
2015-05-22,3516.627
2015-05-25,3467.916
2015-05-26,3618.231
2015-05-27,3628.673
2015-05-28,3432.982
2015-05-29,3542.844
2015-06-01,3718.753
2015-06-02,3901.543
2015-06-03,3982.251
2015-06-04,3943.467
2015-06-05,3885.832
2015-06-08,3704.553
2015-06-09,3705.536
2015-06-10,3834.699
2015-06-11,3862.138
2015-06-12,3899.705
2015-06-15,3696.027
2015-06-16,3590.669
2015-06-17,3741.357
2015-06-18,3504.554
2015-06-19,3314.976
2015-06-23,3393.94
2015-06-24,3383.404
2015-06-25,3206.381
2015-06-26,2920.703
2015-06-29,2689.76
2015-06-30,2858.606
2015-07-01,2759.408
2015-07-02,2649.316
2015-07-03,2605.276
2015-07-06,2493.828
2015-07-07,2352.01
2015-07-08,2364.049
2015-07-09,2435.755
2015-07-10,2535.889
2015-07-13,2683.074
2015-07-14,2726.048
2015-07-15,2590.031
2015-07-16,2627.076
2015-07-17,2783.324
2015-07-20,2848.303
2015-07-21,2882.897
2015-07-22,2897.373
2015-07-23,2967.952
2015-07-24,2897.824
2015-07-27,2683.446
2015-07-28,2581.962
2015-07-29,2693.865
2015-07-30,2561.191
2015-07-31,2539.844
2015-08-03,2399.273
2015-08-04,2546.162
2015-08-05,2502.041
2015-08-06,2480.926
2015-08-07,2576.993
2015-08-10,2706.718
2015-08-11,2698.912
2015-08-12,2622.188
2015-08-13,2684.258
2015-08-14,2674.022
2015-08-17,2666.287
2015-08-18,2504.172
2015-08-19,2570.691
2015-08-20,2508.817
2015-08-21,2341.954
2015-08-24,2152.614
2015-08-25,1990.706
2015-08-26,1890.036
2015-08-27,1959.494
2015-08-28,2082.124
2015-08-31,1996.865
2015-09-01,1889.491
2015-09-02,1855.032
2015-09-07,1893.521
2015-09-08,2001.156
2015-09-09,2071.717
2015-09-10,2039.118
2015-09-11,2060.505
2015-09-14,1906.214
2015-09-15,1797.557
2015-09-16,1926.245
2015-09-17,1933.297
2015-09-18,1983.298
2015-09-21,2079.06
2015-09-22,2078.718
2015-09-23,2077.99
2015-09-24,2106.594
2015-09-25,2020.972
2015-09-28,2122.257
2015-09-29,2098.567
2015-09-30,2082.673
2015-10-08,2190.311
2015-10-09,2216.656
2015-10-12,2316.782
2015-10-13,2342.039
2015-10-14,2305.003
2015-10-15,2404.533
2015-10-16,2449.03
2015-10-19,2433.599
2015-10-20,2511.164
2015-10-21,2344.74
2015-10-22,2458.138
2015-10-23,2538.383
2015-10-26,2527.477
2015-10-27,2563.958
2015-10-28,2485.235
2015-10-29,2485.276
2015-10-30,2478.277
2015-11-02,2432.038
2015-11-03,2429.27
2015-11-04,2584.317
2015-11-05,2564.722
2015-11-06,2661.412
2015-11-09,2724.619
2015-11-10,2746.609
2015-11-11,2804.677
2015-11-12,2783.298
2015-11-13,2710.161
2015-11-16,2797.162
2015-11-17,2717.052
2015-11-18,2661.165
2015-11-19,2770.752
2015-11-20,2800.15
2015-11-23,2770.577
2015-11-24,2816.048
2015-11-25,2897.569
2015-11-26,2833.198
2015-11-27,2649.55
2015-11-30,2672.581
2015-12-01,2655.345
2015-12-02,2613.263
2015-12-03,2708.123
2015-12-04,2692.161
2015-12-07,2738.149
2015-12-08,2691.658
2015-12-09,2667.912
2015-12-10,2695.507
2015-12-11,2671.292
2015-12-14,2709.265
2015-12-15,2745.7
2015-12-16,2763.114
2015-12-17,2835.701
2015-12-18,2830.259
2015-12-21,2829.921
2015-12-22,2839.852
2015-12-23,2783.942
2015-12-24,2795.78
2015-12-25,2794.73
2015-12-28,2735.485
2015-12-29,2749.822
2015-12-30,2779.513
2015-12-31,2714.048
2016-01-04,2491.24
2016-01-05,2416.725
2016-01-06,2468.366
2016-01-07,2256.524
2016-01-08,2248.99
2016-01-11,2106.358
2016-01-12,2147.531
2016-01-13,2059.776
2016-01-14,2175.012
2016-01-15,2112.902
2016-01-18,2174.934
2016-01-19,2241.696
2016-01-20,2204.648
2016-01-21,2112.404
2016-01-22,2149.586
2016-01-25,2158.824
2016-01-26,1994.047
2016-01-27,1997.465
2016-01-28,1906.461
2016-01-29,1994.065
2016-02-01,1992.695
2016-02-02,2075.287
2016-02-03,2090.513
2016-02-04,2126.534
2016-02-05,2096.986
2016-02-15,2116.838
2016-02-16,2201.925
2016-02-17,2215.341
2016-02-18,2190.911
2016-02-19,2211.006
2016-02-22,2245.564
2016-02-23,2218.119
2016-02-24,2203.741
2016-02-25,2037.143
2016-02-26,2014.92
2016-02-29,1880.66
2016-03-01,1934.919
2016-03-02,2017.604
2016-03-03,2007.076
2016-03-04,1907.041
2016-03-07,1953.332
2016-03-08,2002.191
2016-03-09,1970.813
2016-03-10,1936.968
2016-03-11,1934.87
2016-03-14,2023.128
2016-03-15,1996.92
2016-03-16,1977.538
2016-03-17,2087.293
2016-03-18,2177.87
2016-03-21,2227.034
2016-03-22,2221.702
2016-03-23,2259.106
2016-03-24,2219.77
2016-03-25,2216.086
2016-03-28,2199.685
2016-03-29,2152.548
2016-03-30,2248.783
2016-03-31,2238.286
2016-04-01,2205.369
2016-04-05,2279.52
2016-04-06,2297.041
2016-04-07,2248.684
2016-04-08,2229.934
2016-04-11,2283.143
2016-04-12,2264.016
2016-04-13,2294.015
2016-04-14,2324.394
2016-04-15,2309.676
2016-04-18,2265.593
2016-04-19,2272.52
2016-04-20,2145.239
2016-04-21,2110.162
2016-04-22,2136.924
2016-04-25,2126.834
2016-04-26,2155.697
2016-04-27,2146.611
2016-04-28,2155.229
2016-04-29,2138.738
2016-05-03,2217.23
2016-05-04,2211.018
2016-05-05,2224.095
2016-05-06,2129.194
2016-05-09,2053.597
2016-05-10,2054.222
2016-05-11,2034.925
2016-05-12,2034.566
2016-05-13,2025.224
2016-05-16,2057.857
2016-05-17,2081.441
2016-05-18,2020.476
2016-05-19,2037.403
2016-05-20,2065.302
2016-05-23,2098.234
2016-05-24,2075.51
2016-05-25,2067.254
2016-05-26,2086.008
2016-05-27,2069.885
2016-05-30,2058.519
2016-05-31,2159.801
2016-06-01,2168.82
2016-06-02,2188.558
2016-06-03,2204.974
2016-06-06,2199.302
2016-06-07,2196.727
2016-06-08,2186.544
2016-06-13,2054.707
2016-06-14,2058.314
2016-06-15,2128.8
2016-06-16,2101.417
2016-06-17,2122.89
2016-06-20,2119.63
2016-06-21,2092.001
2016-06-22,2144.819
2016-06-23,2137.486
2016-06-24,2127.365
2016-06-27,2191.806
2016-06-28,2216.71
2016-06-29,2209.788
2016-06-30,2227.791
2016-07-01,2211.178
2016-07-04,2248.713
2016-07-05,2246.024
2016-07-06,2241.561
2016-07-07,2233.922
2016-07-08,2239.003
2016-07-11,2218.589
2016-07-12,2247.355
2016-07-13,2285.369
2016-07-14,2293.079
2016-07-15,2263.784
2016-07-18,2249.872
2016-07-19,2273.719
2016-07-20,2268.535
2016-07-21,2265.128
2016-07-22,2249.999
2016-07-25,2245.885
2016-07-26,2279.55
2016-07-27,2155.386
2016-07-28,2139.744
2016-07-29,2122.412
2016-08-01,2099.179
2016-08-02,2113.214
2016-08-03,2108.315
2016-08-04,2129.652
2016-08-05,2109.056
2016-08-08,2130.594
2016-08-09,2154.505
2016-08-10,2137.001
2016-08-11,2103.396
2016-08-12,2123.841
2016-08-15,2193.212
2016-08-16,2201.096
2016-08-17,2208.195
2016-08-18,2201.594
2016-08-19,2204.556
2016-08-22,2167.401
2016-08-23,2174.159
2016-08-24,2192.17
2016-08-25,2180.66
2016-08-26,2189.75
2016-08-29,2193.201
2016-08-30,2195.531
2016-08-31,2191.758
2016-09-01,2181.327
2016-09-02,2170.858
2016-09-05,2182.694
2016-09-06,2222.837
2016-09-07,2212.053
2016-09-08,2223.469
2016-09-09,2202.968
2016-09-12,2145.563
2016-09-13,2145.868
2016-09-14,2144.558
2016-09-19,2165.213
2016-09-20,2158.432
2016-09-21,2162.132
2016-09-22,2168.423
2016-09-23,2156.51
2016-09-26,2122.9
2016-09-27,2140.803
2016-09-28,2139.629
2016-09-29,2146.184
2016-09-30,2149.901
2016-10-10,2208.469
2016-10-11,2210.862
2016-10-12,2209.685
2016-10-13,2208.567
2016-10-14,2194.227
2016-10-17,2167.863
2016-10-18,2198.142
2016-10-19,2184.911
2016-10-20,2193.256
2016-10-21,2180.997
2016-10-24,2200.804
2016-10-25,2200.208
2016-10-26,2184.493
2016-10-27,2182.478
2016-10-28,2165.433
2016-10-31,2159.76
2016-11-01,2176.447
2016-11-02,2146.399
2016-11-03,2153.185
2016-11-04,2145.229
2016-11-07,2130.301
2016-11-08,2150.302
2016-11-09,2123.844
2016-11-10,2143.321
2016-11-11,2147.107
2016-11-14,2161.686
2016-11-15,2179.3
2016-11-16,2182.467
2016-11-17,2163.042
2016-11-18,2157.96
2016-11-21,2152.602
2016-11-22,2177.651
2016-11-23,2165.708
2016-11-24,2146.626
2016-11-25,2167.528
2016-11-28,2166.045
2016-11-29,2160.345
2016-11-30,2183.049
2016-12-01,2181.929
2016-12-02,2143.452
2016-12-05,2143.878
2016-12-06,2122.26
2016-12-07,2134.987
2016-12-08,2114.711
2016-12-09,2099.888
2016-12-12,1984.395
2016-12-13,1985.043
2016-12-14,1963.08
2016-12-15,1975.854
2016-12-16,1998.113
2016-12-19,1980.41
2016-12-20,1982.297
2016-12-21,1991.696
2016-12-22,1986.274
2016-12-23,1964.541
2016-12-26,1974.01
2016-12-27,1968.62
2016-12-28,1957.155
2016-12-29,1959.24
2016-12-30,1962.059
2017-01-03,1963.255
2017-01-04,1991.565
2017-01-05,1983.971
2017-01-06,1965.03
2017-01-09,1961.619
2017-01-10,1951.677
2017-01-11,1937.547
2017-01-12,1930.145
2017-01-13,1899.943
2017-01-16,1830.848
2017-01-17,1867.868
2017-01-18,1845.787
2017-01-19,1844.14
2017-01-20,1880.748
2017-01-23,1887.324
2017-01-24,1861.216
2017-01-25,1870.703
2017-01-26,1886.232
2017-02-03,1876.761
2017-02-06,1900.447
2017-02-07,1889.134
2017-02-08,1903.628
2017-02-09,1914.082
2017-02-10,1904.685
2017-02-13,1913.681
2017-02-14,1909.395
2017-02-15,1892.357
2017-02-16,1897.63
2017-02-17,1882.869
2017-02-20,1894.962
2017-02-21,1921.077
2017-02-22,1919.973
2017-02-23,1925.951
2017-02-24,1938.444
2017-02-27,1926.771
2017-02-28,1927.16
2017-03-01,1931.968
2017-03-02,1920.405
2017-03-03,1928.289
2017-03-06,1962.77
2017-03-07,1977.853
2017-03-08,1964.628
2017-03-09,1953.943
2017-03-10,1950.008
2017-03-13,1970.879
2017-03-14,1958.023
2017-03-15,1957.82
2017-03-16,1966.727
2017-03-17,1949.661
2017-03-20,1953.816
2017-03-21,1961.063
2017-03-22,1948.58
2017-03-23,1948.369
2017-03-24,1965.137
2017-03-27,1947.528
2017-03-28,1944.363
2017-03-29,1929.196
2017-03-30,1893.701
2017-03-31,1907.338
2017-04-05,1943.16
2017-04-06,1944.234
2017-04-07,1946.048
2017-04-10,1912.451
2017-04-11,1917.633
2017-04-12,1897.506
2017-04-13,1910.476
2017-04-14,1887.46
2017-04-17,1868.281
2017-04-18,1848.203
2017-04-19,1845.382
2017-04-20,1850.39
2017-04-21,1839.006
2017-04-24,1809.911
2017-04-25,1818.87
2017-04-26,1820.48
2017-04-27,1842.922
2017-04-28,1850.734
2017-05-02,1850.849
2017-05-03,1840.453
2017-05-04,1838.104
2017-05-05,1818.191
2017-05-08,1788.708
2017-05-09,1802.491
2017-05-10,1771.319
2017-05-11,1772.413
2017-05-12,1774.628
2017-05-15,1778.636
2017-05-16,1814.941
2017-05-17,1822.639
2017-05-18,1813.506
2017-05-19,1801.078
2017-05-22,1788.075
2017-05-23,1758.235
2017-05-24,1776.278
2017-05-25,1777.694
2017-05-26,1759.632
2017-05-31,1763.729
2017-06-01,1728.488
2017-06-02,1745.927
2017-06-05,1761.246
2017-06-06,1766.393
2017-06-07,1799.852
2017-06-08,1794.75
2017-06-09,1796.135
2017-06-12,1775.551
2017-06-13,1795.632
2017-06-14,1790.635
2017-06-15,1816.259
2017-06-16,1810.053
2017-06-19,1816.4
2017-06-20,1820.976
2017-06-21,1824.691
2017-06-22,1798.381
2017-06-23,1807.429
2017-06-26,1821.277
2017-06-27,1819.934
2017-06-28,1808.199
2017-06-29,1813.552
2017-06-30,1818.067
2017-07-03,1835.986
2017-07-04,1829.505
2017-07-05,1836.631
2017-07-06,1838.995
2017-07-07,1835.439
2017-07-10,1803.247
2017-07-11,1783.912
2017-07-12,1786.746
2017-07-13,1778.863
2017-07-14,1745.567
2017-07-17,1656.433
2017-07-18,1667.488
2017-07-19,1684.771
2017-07-20,1688.61
2017-07-21,1690.145
2017-07-24,1686.438
2017-07-25,1688.094
2017-07-26,1681.31
2017-07-27,1742.191
2017-07-28,1734.074
2017-07-31,1736.3
2017-08-01,1741.074
2017-08-02,1724.833
2017-08-03,1733.124
2017-08-04,1719.617
2017-08-07,1732.434
2017-08-08,1762.421
2017-08-09,1763.049
2017-08-10,1753.669
2017-08-11,1742.139
2017-08-14,1793.482
2017-08-15,1798.569
2017-08-16,1825.187
2017-08-17,1833.398
2017-08-18,1821.803
2017-08-21,1829.217
2017-08-22,1814.915
2017-08-23,1807.366
2017-08-24,1795.739
2017-08-25,1812.878
2017-08-28,1842.828
2017-08-29,1831.591
2017-08-30,1838.631
2017-08-31,1849.379
2017-09-01,1865.25
2017-09-04,1883.618
2017-09-05,1885.162
2017-09-06,1902.857
2017-09-07,1890.382
2017-09-08,1885.274
2017-09-11,1896.375
2017-09-12,1884.484
2017-09-13,1888.432
2017-09-14,1879.252
2017-09-15,1875.635
2017-09-18,1894.802
2017-09-19,1880.296
2017-09-20,1892.669
2017-09-21,1872.77
2017-09-22,1866.425
2017-09-25,1843.621
2017-09-26,1839.455
2017-09-27,1854.943
2017-09-28,1854.734
2017-09-29,1866.982
2017-10-09,1889.838
2017-10-10,1917.458
2017-10-11,1901.551
2017-10-12,1899.986
2017-10-13,1926.074
2017-10-16,1882.686
2017-10-17,1876.991
2017-10-18,1868.159
2017-10-19,1862.611
2017-10-20,1880.214
2017-10-23,1898.759
2017-10-24,1901.693
2017-10-25,1913.264
2017-10-26,1910.722
2017-10-27,1896.224
2017-10-30,1855.986
2017-10-31,1869.787
2017-11-01,1872.746
2017-11-02,1847.565
2017-11-03,1832.967
2017-11-06,1850.303
2017-11-07,1859.068
2017-11-08,1866.142
2017-11-09,1884.112
2017-11-10,1900.631
2017-11-13,1906.437
2017-11-14,1896.721
2017-11-15,1868.081
2017-11-16,1878.26
2017-11-17,1833.895
2017-11-20,1859.75
2017-11-21,1856.961
2017-11-22,1853.378
2017-11-23,1794.781
2017-11-24,1782.657
2017-11-27,1760.9
2017-11-28,1793.868
2017-11-29,1787.382
2017-11-30,1770.302
2017-12-01,1804.622
2017-12-04,1797.765
2017-12-05,1758.59
2017-12-06,1784.315
2017-12-07,1776.99
2017-12-08,1792.155
2017-12-11,1816.985
2017-12-12,1798.691
2017-12-13,1806.09
2017-12-14,1794.344
2017-12-15,1783.973
2017-12-18,1780.644
2017-12-19,1798.502
2017-12-20,1782.413
2017-12-21,1789.736
2017-12-22,1779.339
2017-12-25,1755.806
2017-12-26,1758.821
2017-12-27,1745.236
2017-12-28,1745.017
2017-12-29,1752.652
2018-01-02,1769.672
2018-01-03,1795.383
2018-01-04,1794.609
2018-01-05,1801.418
2018-01-08,1806.156
2018-01-09,1803.586
2018-01-10,1791.084
2018-01-11,1804.235
2018-01-12,1785.705
2018-01-15,1732.623
2018-01-16,1729.597
2018-01-17,1742.034
2018-01-18,1738.002
2018-01-19,1728.14
2018-01-22,1768.214
2018-01-23,1767.829
2018-01-24,1813.275
2018-01-25,1810.835
2018-01-26,1816.8
2018-01-29,1799.771
2018-01-30,1782.399
2018-01-31,1735.057
2018-02-01,1697.39
2018-02-02,1702.426
2018-02-05,1688.272
2018-02-06,1598.116
2018-02-07,1616.4
2018-02-08,1641.431
2018-02-09,1592.51
2018-02-12,1648.072
2018-02-13,1648.582
2018-02-14,1646.771
2018-02-22,1677.765
2018-02-23,1668.834
2018-02-26,1729.153
2018-02-27,1743.541
2018-02-28,1753.627
2018-03-01,1789.849
2018-03-02,1772.005
2018-03-05,1795.693
2018-03-06,1797.609
2018-03-07,1785.27
2018-03-08,1793.222
2018-03-09,1856.455
2018-03-12,1882.409
2018-03-13,1872.678
2018-03-14,1841.289
2018-03-15,1848.71
2018-03-16,1821.322
2018-03-19,1842.92
2018-03-20,1864.62
2018-03-21,1829.913
2018-03-22,1817.228
2018-03-23,1726.021
2018-03-26,1780.609
2018-03-27,1844.693
2018-03-28,1835.154
2018-03-29,1842.187
2018-03-30,1900.482
2018-04-02,1900.255
2018-04-03,1872.47
2018-04-04,1836.813
2018-04-09,1841.653
2018-04-10,1835.52
2018-04-11,1834.626
2018-04-12,1826.89
2018-04-13,1824.594
2018-04-16,1838.709
2018-04-17,1783.741
2018-04-18,1822.264
2018-04-19,1820.281
2018-04-20,1782.808
2018-04-23,1753.048
2018-04-24,1806.861
2018-04-25,1819.406
2018-04-26,1781.276
2018-04-27,1805.596
2018-05-02,1801.571
2018-05-03,1826.791
2018-05-04,1814.855
2018-05-07,1852.336
2018-05-08,1856.868
2018-05-09,1855.809
2018-05-10,1865.359
2018-05-11,1834.78
2018-05-14,1830.98
2018-05-15,1858.011
2018-05-16,1846.675
2018-05-17,1831.204
2018-05-18,1836.754
2018-05-21,1862.481
2018-05-22,1875.999
2018-05-23,1845.973
2018-05-24,1838.403
2018-05-25,1804.549
2018-05-28,1796.913
2018-05-29,1773.646
2018-05-30,1726.219
2018-05-31,1743.743
2018-06-01,1709.548
2018-06-04,1702.93
2018-06-05,1746.113
2018-06-06,1743.248
2018-06-07,1730.375
2018-06-08,1711.522
2018-06-11,1688.618
2018-06-12,1712.768
2018-06-13,1685.895
2018-06-14,1673.319
2018-06-15,1641.663
2018-06-19,1547.145
2018-06-20,1563.792
2018-06-21,1521.676
2018-06-22,1549.661
2018-06-25,1538.565
2018-06-26,1564.917
2018-06-27,1546.231
2018-06-28,1543.664
2018-06-29,1606.715
2018-07-02,1588.374
2018-07-03,1607.122
2018-07-04,1565.61
2018-07-05,1532.679
2018-07-06,1541.313
2018-07-09,1581.93
2018-07-10,1592.976
2018-07-11,1563.009
2018-07-12,1614.632
2018-07-13,1618.463
2018-07-16,1616.912
2018-07-17,1621.632
2018-07-18,1607.884
2018-07-19,1590.063
2018-07-20,1609.548
2018-07-23,1620.973
2018-07-24,1629.61
2018-07-25,1632.32
2018-07-26,1606.115
2018-07-27,1594.567
2018-07-30,1559.641
2018-07-31,1561.258
2018-08-01,1541.86
2018-08-02,1510.088
2018-08-03,1481.606
2018-08-06,1440.796
2018-08-07,1479.441
2018-08-08,1447.757
2018-08-09,1497.606
2018-08-10,1511.707
2018-08-13,1531.34
2018-08-14,1518.491
2018-08-15,1478.506
2018-08-16,1463.872
2018-08-17,1434.306
2018-08-20,1435.69
2018-08-21,1456.972
2018-08-22,1439.552
2018-08-23,1455.502
2018-08-24,1450.091
2018-08-27,1493.433
2018-08-28,1493.106
2018-08-29,1481.192
2018-08-30,1457.916
2018-08-31,1435.2
2018-09-03,1443.688
2018-09-04,1455.503
2018-09-05,1430.24
2018-09-06,1422.87
2018-09-07,1425.229
2018-09-10,1390.823
2018-09-11,1395.167
2018-09-12,1385.796
2018-09-13,1391.279
2018-09-14,1366.565
2018-09-17,1349.776
2018-09-18,1377.303
2018-09-19,1392.403
2018-09-20,1387.619
2018-09-21,1411.119
2018-09-25,1405.806
2018-09-26,1420.75
2018-09-27,1400.359
2018-09-28,1411.34
2018-10-08,1353.671
2018-10-09,1345.953
2018-10-10,1346.704
2018-10-11,1261.883
2018-10-12,1268.406
2018-10-15,1250.218
2018-10-16,1216.687
2018-10-17,1231.861
2018-10-18,1205.031
2018-10-19,1249.89
2018-10-22,1314.945
2018-10-23,1292.056
2018-10-24,1284.102
2018-10-25,1273.603
2018-10-26,1263.188
2018-10-29,1250.48
2018-10-30,1259.948
2018-10-31,1275.574
2018-11-01,1286.327
2018-11-02,1348.279
2018-11-05,1348.876
2018-11-06,1349.109
2018-11-07,1345.768
2018-11-08,1329.591
2018-11-09,1322.831
2018-11-12,1368.791
2018-11-13,1392.055
2018-11-14,1385.732
2018-11-15,1405.248
2018-11-16,1403.283
2018-11-19,1394.4
2018-11-20,1355.334
2018-11-21,1363.028
2018-11-22,1353.924
2018-11-23,1308.739
2018-11-26,1304.557
2018-11-27,1315.433
2018-11-28,1341.083
2018-11-29,1312.716
2018-11-30,1329.389
2018-12-03,1372.794
2018-12-04,1378.754
2018-12-05,1381.767
2018-12-06,1345.761
2018-12-07,1341.019
2018-12-10,1326.848
2018-12-11,1338.079
2018-12-12,1338.731
2018-12-13,1348.504
2018-12-14,1310.458
2018-12-17,1299.175
2018-12-18,1293.335
2018-12-19,1268.814
2018-12-20,1278.157
2018-12-21,1270.304
2018-12-24,1284.332
2018-12-25,1273.447
2018-12-26,1264.07
2018-12-27,1248.077
2018-12-28,1250.525
2019-01-02,1228.767
2019-01-03,1214.497
2019-01-04,1245.157
2019-01-07,1268.058
2019-01-08,1263.51
2019-01-09,1262.517
2019-01-10,1258.989
2019-01-11,1261.56
2019-01-14,1245.999
2019-01-15,1266.275
2019-01-16,1267.305
2019-01-17,1251.414
2019-01-18,1269.505
2019-01-21,1274.789
2019-01-22,1252.239
2019-01-23,1251.127
2019-01-24,1265.161
2019-01-25,1265.494
2019-01-28,1259.743
2019-01-29,1243.592
2019-01-30,1230.819
2019-01-31,1227.988
2019-02-01,1271.275
2019-02-11,1316.098
2019-02-12,1332.27
2019-02-13,1357.666
2019-02-14,1361.938
2019-02-15,1357.836
2019-02-18,1413.6
2019-02-19,1406.037
2019-02-20,1408.382
2019-02-21,1412.535
2019-02-22,1456.299
2019-02-25,1536.371
2019-02-26,1546.987
2019-02-27,1520.419
2019-02-28,1535.68
2019-03-01,1567.873
2019-03-04,1619.71
2019-03-05,1676.566
2019-03-06,1700.496
2019-03-07,1692.416
2019-03-08,1654.485
2019-03-11,1727.801
2019-03-12,1773.432
2019-03-13,1693.86
2019-03-14,1650.186
2019-03-15,1662.623
2019-03-18,1707.056
2019-03-19,1708.874
2019-03-20,1687.9
2019-03-21,1703.854
2019-03-22,1693.865
2019-03-25,1668.841
2019-03-26,1630.19
2019-03-27,1637.773
2019-03-28,1626.819
2019-03-29,1693.547
2019-04-01,1760.892
2019-04-02,1754.156
2019-04-03,1768.178
2019-04-04,1777.263
2019-04-08,1739.655
2019-04-09,1741.171
2019-04-10,1726.636
2019-04-11,1691.104
2019-04-12,1695.729
2019-04-15,1666.897
2019-04-16,1697.529
2019-04-17,1717.437
2019-04-18,1704.547
2019-04-19,1715.795
2019-04-22,1697.512
2019-04-23,1683.8
2019-04-24,1718.846
2019-04-25,1669.978
2019-04-26,1657.824
2019-04-29,1615.616
2019-04-30,1623.782
2019-05-06,1494.886
2019-05-07,1504.164
2019-05-08,1481.873
2019-05-09,1469.475
2019-05-10,1533.871
2019-05-13,1503.065
2019-05-14,1494.603
2019-05-15,1528.691
2019-05-16,1533.67
2019-05-17,1478.748
2019-05-20,1469.311
2019-05-21,1493.716
2019-05-22,1488.627
2019-05-23,1451.245
2019-05-24,1443.747
2019-05-27,1491.952
2019-05-28,1505.163
2019-05-29,1497.892
2019-05-30,1485.242
2019-05-31,1483.658
2019-06-03,1468.982
2019-06-04,1456.268
2019-06-05,1451.177
2019-06-06,1416.055
2019-06-10,1431.337
2019-06-11,1487.35
2019-06-12,1473.901
2019-06-13,1479.83
2019-06-14,1453.958
2019-06-17,1442.348
2019-06-18,1455.746
2019-06-19,1469.987
2019-06-20,1498.014
2019-06-21,1523.809
2019-06-24,1514.465
2019-06-25,1498.465
2019-06-26,1504.549
2019-06-27,1525.244
2019-06-28,1511.507
2019-07-01,1568.16
2019-07-02,1570.512
2019-07-03,1544.357
2019-07-04,1532.744
2019-07-05,1547.737
2019-07-08,1506.661
2019-07-09,1517.793
2019-07-10,1510.435
2019-07-11,1514.199
2019-07-12,1518.074
2019-07-15,1547.468
2019-07-16,1545.273
2019-07-17,1550.217
2019-07-18,1524.479
2019-07-19,1541.981
2019-07-22,1515.965
2019-07-23,1534.926
2019-07-24,1553.718
2019-07-25,1566.077
2019-07-26,1561.855
2019-07-29,1566.524
2019-07-30,1580.129
2019-07-31,1570.393
2019-08-01,1573.866
2019-08-02,1556.744
2019-08-05,1531.372
2019-08-06,1507.911
2019-08-07,1500.251
2019-08-08,1522.974
2019-08-09,1507.706
2019-08-12,1539.913
2019-08-13,1524.357
2019-08-14,1536.66
2019-08-15,1555.773
2019-08-16,1567.993
2019-08-19,1622.844
2019-08-20,1611.593
2019-08-21,1609.833
2019-08-22,1613.458
2019-08-23,1615.559
2019-08-26,1600.795
2019-08-27,1628.121
2019-08-28,1625.188
2019-08-29,1620.861
2019-08-30,1610.898
2019-09-02,1652.288
2019-09-03,1660.427
2019-09-04,1669.41
2019-09-05,1689.054
2019-09-06,1692.239
2019-09-09,1733.23
2019-09-10,1725.308
2019-09-11,1703.538
2019-09-12,1710.572
2019-09-16,1714.368
2019-09-17,1677.987
2019-09-18,1679.306
2019-09-19,1705.599
2019-09-20,1705.047
2019-09-23,1684.324
2019-09-24,1694.596
2019-09-25,1672.646
2019-09-26,1623.791
2019-09-27,1647.533
2019-09-30,1627.545
2019-10-08,1616.584
2019-10-09,1622.415
2019-10-10,1666.966
2019-10-11,1666.834
2019-10-14,1679.378
2019-10-15,1660.887
2019-10-16,1656.372
2019-10-17,1658.259
2019-10-18,1648.625
2019-10-21,1644.508
2019-10-22,1666.869
2019-10-23,1650.29
2019-10-24,1653.865
2019-10-25,1675.34
2019-10-28,1704.417
2019-10-29,1686.58
2019-10-30,1684.078
2019-10-31,1671.312
2019-11-01,1686.998
2019-11-04,1699.919
2019-11-05,1713.289
2019-11-06,1703.017
2019-11-07,1715.575
2019-11-08,1711.216
2019-11-11,1673.129
2019-11-12,1671.442
2019-11-13,1681.794
2019-11-14,1692.583
2019-11-15,1674.784
2019-11-18,1682.492
2019-11-19,1729.078
2019-11-20,1719.665
2019-11-21,1713.202
2019-11-22,1679.803
2019-11-25,1661.774
2019-11-26,1679.082
2019-11-27,1674.389
2019-11-28,1673.795
2019-11-29,1664.896
2019-12-02,1669.536
2019-12-03,1675.385
2019-12-04,1673.779
2019-12-05,1709.826
2019-12-06,1726.801
2019-12-09,1721.071
2019-12-10,1734.022
2019-12-11,1718.26
2019-12-12,1720.986
2019-12-13,1755.413
2019-12-16,1780.333
2019-12-17,1801.616
2019-12-18,1792.418
2019-12-19,1790.438
2019-12-20,1771.707
2019-12-23,1736.624
2019-12-24,1769.869
2019-12-25,1784.395
2019-12-26,1793.635
2019-12-27,1767.582
2019-12-30,1790.239
2019-12-31,1798.118
2020-01-02,1832.742
2020-01-03,1836.012
2020-01-06,1859.921
2020-01-07,1893.214
2020-01-08,1862.699
2020-01-09,1913.142
2020-01-10,1904.194
2020-01-13,1935.072
2020-01-14,1922.557
2020-01-15,1924.238
2020-01-16,1929.961
2020-01-17,1932.511
2020-01-20,1982.176
2020-01-21,1967.027
2020-01-22,1993.899
2020-01-23,1927.742
2020-02-03,1795.774
2020-02-04,1882.691
2020-02-05,1939.62
2020-02-06,2012.249
2020-02-07,2015.799
2020-02-10,2042.177
2020-02-11,2028.444
2020-02-12,2085.278
2020-02-13,2064.596
2020-02-14,2069.219
2020-02-17,2146.177
2020-02-18,2170.949
2020-02-19,2139.437
2020-02-20,2186.737
2020-02-21,2226.639
2020-02-24,2263.972
2020-02-25,2287.312
2020-02-26,2180.701
2020-02-27,2196.714
2020-02-28,2071.566
2020-03-02,2135.415
2020-03-03,2173.346
2020-03-04,2169.443
2020-03-05,2209.588
2020-03-06,2192.936
2020-03-09,2093.063
2020-03-10,2148.81
2020-03-11,2101.463
2020-03-12,2045.926
2020-03-13,2030.58
2020-03-16,1910.767
2020-03-17,1917.702
2020-03-18,1887.042
2020-03-19,1894.943
2020-03-20,1915.046
2020-03-23,1827.052
2020-03-24,1876.91
2020-03-25,1937.855
2020-03-26,1927.275
2020-03-27,1903.881
2020-03-30,1860.484
2020-03-31,1871.917
2020-04-01,1864.8
2020-04-02,1916.951
2020-04-03,1906.675
2020-04-07,1969.782
2020-04-08,1964.757
2020-04-09,1997.136
2020-04-10,1949.885
2020-04-13,1923.081
2020-04-14,1985.426
2020-04-15,1977.515
2020-04-16,2008.388
2020-04-17,2020.77
2020-04-20,2043.437
2020-04-21,2023.942
2020-04-22,2043.171
2020-04-23,2029.524
2020-04-24,2003.748
2020-04-27,2018.666
2020-04-28,2030.724
2020-04-29,2030.477
2020-04-30,2069.432
2020-05-06,2110.267
2020-05-07,2106.842
2020-05-08,2125.243
2020-05-11,2102.825
2020-05-12,2124.15
2020-05-13,2140.681
2020-05-14,2117.647
2020-05-15,2124.311
2020-05-18,2114.858
2020-05-19,2144.121
2020-05-20,2118.119
2020-05-21,2099.432
2020-05-22,2046.596
2020-05-25,2052.302
2020-05-26,2112.973
2020-05-27,2071.473
2020-05-28,2054.964
2020-05-29,2086.666
2020-06-01,2158.223
2020-06-02,2145.286
2020-06-03,2143.117
2020-06-04,2151.385
2020-06-05,2166.375
2020-06-08,2153.564
2020-06-09,2181.589
2020-06-10,2201.988
2020-06-11,2195.638
2020-06-12,2206.764
2020-06-15,2219.55
2020-06-16,2260.458
2020-06-17,2263.961
2020-06-18,2266.032
2020-06-19,2319.449
2020-06-22,2342.88
2020-06-23,2382.047
2020-06-24,2382.473
2020-06-29,2372.536
2020-06-30,2438.197
2020-07-01,2419.629
2020-07-02,2424.393
2020-07-03,2462.563
2020-07-06,2529.487
2020-07-07,2591.263
2020-07-08,2651.969
2020-07-09,2757.653
2020-07-10,2778.457
2020-07-13,2889.427
2020-07-14,2858.672
2020-07-15,2813.061
2020-07-16,2646.26
2020-07-17,2662.402
2020-07-20,2697.301
2020-07-21,2736.512
2020-07-22,2769.028
2020-07-23,2799.674
2020-07-24,2627.843
2020-07-27,2631.762
2020-07-28,2666.521
2020-07-29,2767.402
2020-07-30,2743.634
2020-07-31,2795.4
2020-08-03,2868.882
2020-08-04,2832.845
2020-08-05,2860.241
2020-08-06,2814.374
2020-08-07,2749.953
2020-08-10,2735.256
2020-08-11,2688.7
2020-08-12,2635.502
2020-08-13,2622.64
2020-08-14,2668.712
2020-08-17,2696.392
2020-08-18,2701.061
2020-08-19,2612.835
2020-08-20,2587.861
2020-08-21,2632.452
2020-08-24,2684.629
2020-08-25,2701.604
2020-08-26,2644.144
2020-08-27,2689.17
2020-08-28,2757.839
2020-08-31,2728.313
2020-09-01,2750.424
2020-09-02,2771.85
2020-09-03,2746.953
2020-09-04,2732.155
2020-09-07,2641.202
2020-09-08,2650.629
2020-09-09,2523.396
2020-09-10,2483.031
2020-09-11,2536.618
2020-09-14,2572.601
2020-09-15,2595.154
2020-09-16,2554.8
2020-09-17,2557.321
2020-09-18,2596.082
2020-09-21,2569.219
2020-09-22,2555.544
2020-09-23,2599.885
2020-09-24,2535.868
2020-09-25,2540.426
2020-09-28,2521.246
2020-09-29,2563.379
2020-09-30,2574.758
2020-10-09,2672.934
2020-10-12,2777.388
2020-10-13,2784.717
2020-10-14,2764.244
2020-10-15,2737.963
2020-10-16,2724.497
2020-10-19,2689.669
2020-10-20,2740.583
2020-10-21,2700.533
2020-10-22,2673.585
2020-10-23,2600.843
2020-10-26,2617.743
2020-10-27,2650.764
2020-10-28,2670.481
2020-10-29,2699.923
2020-10-30,2655.865
2020-11-02,2708.388
2020-11-03,2744.314
2020-11-04,2750.554
2020-11-05,2787.878
2020-11-06,2733.072
2020-11-09,2813.998
2020-11-10,2773.218
2020-11-11,2681.524
2020-11-12,2700.51
2020-11-13,2706.813
2020-11-16,2712.409
2020-11-17,2658.092
2020-11-18,2620.672
2020-11-19,2645.161
2020-11-20,2667.093
2020-11-23,2686.358
2020-11-24,2674.798
2020-11-25,2615.531
2020-11-26,2609.386
2020-11-27,2618.991
2020-11-30,2631.889
2020-12-01,2698.443
2020-12-02,2682.972
2020-12-03,2712.518
2020-12-04,2730.837
2020-12-07,2726.483
2020-12-08,2746.281
2020-12-09,2697.826
2020-12-10,2718.545
2020-12-11,2687.781
2020-12-14,2726.601
2020-12-15,2758.854
2020-12-16,2760.64
2020-12-17,2785.615
2020-12-18,2780.73
2020-12-21,2882.443
2020-12-22,2811.749
2020-12-23,2842.97
2020-12-24,2820.753
2020-12-25,2840.801
2020-12-28,2842.81
2020-12-29,2812.997
2020-12-30,2900.538
2020-12-31,2966.256
2021-01-04,3078.111
2021-01-05,3097.977
2021-01-06,3115.091
2021-01-07,3162.398
2021-01-08,3150.78
2021-01-11,3092.861
2021-01-12,3180.35
2021-01-13,3130.298
2021-01-14,3089.177
2021-01-15,3089.945
2021-01-18,3149.2
2021-01-19,3084.488
2021-01-20,3204.932
2021-01-21,3283.721
2021-01-22,3358.238
2021-01-25,3355.24
2021-01-26,3258.355
2021-01-27,3281.031
2021-01-28,3161.863
2021-01-29,3128.865
2021-02-01,3159.993
2021-02-02,3228.698
2021-02-03,3223.766
2021-02-04,3200.549
2021-02-05,3193.707
2021-02-08,3278.06
2021-02-09,3334.242
2021-02-10,3413.81
2021-02-18,3320.144
2021-02-19,3285.535
2021-02-22,3138.672
2021-02-23,3112.357
2021-02-24,3007.456
2021-02-25,2977.176
2021-02-26,2914.113
2021-03-01,2994.751
2021-03-02,2966.892
2021-03-03,2997.749
2021-03-04,2851.873
2021-03-05,2871.972
2021-03-08,2728.844
2021-03-09,2633.45
2021-03-10,2676.702
2021-03-11,2746.575
2021-03-12,2756.813
2021-03-15,2644.015
2021-03-16,2672.117
2021-03-17,2704.136
2021-03-18,2748.726
2021-03-19,2671.518
2021-03-22,2698.261
2021-03-23,2668.082
2021-03-24,2634.614
2021-03-25,2655.999
2021-03-26,2745.4
2021-03-29,2733.963
2021-03-30,2771.322
2021-03-31,2758.501
2021-04-01,2815.413
2021-04-02,2852.229
2021-04-06,2831.598
2021-04-07,2807.201
2021-04-08,2826.99
2021-04-09,2783.327
2021-04-12,2719.953
2021-04-13,2742.852
2021-04-14,2804.409
2021-04-15,2790.644
2021-04-16,2783.373
2021-04-19,2898.729
2021-04-20,2896.108
2021-04-21,2916.975
2021-04-22,2939.395
2021-04-23,2994.488
2021-04-26,2969.405
2021-04-27,2986.034
2021-04-28,3050.585
2021-04-29,3051.417
2021-04-30,3091.395
2021-05-06,3014.812
2021-05-07,2910.411
2021-05-10,2921.721
2021-05-11,2921.343
2021-05-12,2960.355
2021-05-13,2943.617
2021-05-14,3033.806
2021-05-17,3112.741
2021-05-18,3090.123
2021-05-19,3114.724
2021-05-20,3143.616
2021-05-21,3113.259
2021-05-24,3139.686
2021-05-25,3227.355
2021-05-26,3196.848
2021-05-27,3226.108
2021-05-28,3232.291
2021-05-31,3309.069
2021-06-01,3300.159
2021-06-02,3243.022
2021-06-03,3201.784
2021-06-04,3242.612
2021-06-07,3228.243
2021-06-08,3208.572
2021-06-09,3207.626
2021-06-10,3285.51
2021-06-11,3298.497
2021-06-15,3262.188
2021-06-16,3125.701
2021-06-17,3188.593
2021-06-18,3239.227
2021-06-21,3270.577
2021-06-22,3281.992
2021-06-23,3318.946
2021-06-24,3279.159
2021-06-25,3347.699
2021-06-28,3412.863
2021-06-29,3406.238
2021-06-30,3477.178
2021-07-01,3455.359
2021-07-02,3333.897
2021-07-05,3352.117
2021-07-06,3291.988
2021-07-07,3409.589
2021-07-08,3432.957
2021-07-09,3409.309
2021-07-12,3534.763
2021-07-13,3514.977
2021-07-14,3488.627
2021-07-15,3537.391
2021-07-16,3432.647
2021-07-19,3449.526
2021-07-20,3463.791
2021-07-21,3560.045
2021-07-22,3544.436
2021-07-23,3469.873
2021-07-26,3371.228
2021-07-27,3232.839
2021-07-28,3284.92
2021-07-29,3459.721
2021-07-30,3440.182
2021-08-02,3493.359
2021-08-03,3477.229
2021-08-04,3563.127
2021-08-05,3532.5
2021-08-06,3490.902
2021-08-09,3456.747
2021-08-10,3468.67
2021-08-11,3437.058
2021-08-12,3386.432
2021-08-13,3345.126
2021-08-16,3301.391
2021-08-17,3224.153
2021-08-18,3248.373
2021-08-19,3278.357
2021-08-20,3192.9
2021-08-23,3293.77
2021-08-24,3330.58
2021-08-25,3348.662
2021-08-26,3264.45
2021-08-27,3257.072
2021-08-30,3271.802
2021-08-31,3214.117
2021-09-01,3186.85
2021-09-02,3138.803
2021-09-03,3102.145
2021-09-06,3228.088
2021-09-07,3251.487
2021-09-08,3219.947
2021-09-09,3221.941
2021-09-10,3232.01
2021-09-13,3194.275
2021-09-14,3236.547
2021-09-15,3200.399
2021-09-16,3128.845
2021-09-17,3193.261
2021-09-22,3164.328
2021-09-23,3182.467
2021-09-24,3207.817
2021-09-27,3231.583
2021-09-28,3211.454
2021-09-29,3175.152
2021-09-30,3244.646
2021-10-08,3243.204
2021-10-11,3196.189
2021-10-12,3138.263
2021-10-13,3210.159
2021-10-14,3215.736
2021-10-15,3276.321
2021-10-18,3276.484
2021-10-19,3297.293
2021-10-20,3285.122
2021-10-21,3279.487
2021-10-22,3284.911
2021-10-25,3338.624
2021-10-26,3327.537
2021-10-27,3308.962
2021-10-28,3278.359
2021-10-29,3350.665
2021-11-01,3331.915
2021-11-02,3339.597
2021-11-03,3327.085
2021-11-04,3362.249
2021-11-05,3352.754
2021-11-08,3380.292
2021-11-09,3409.942
2021-11-10,3399.663
2021-11-11,3433.241
2021-11-12,3430.141
2021-11-15,3401.874
2021-11-16,3393.715
2021-11-17,3421.329
2021-11-18,3383.906
2021-11-19,3418.96
2021-11-22,3505.727
2021-11-23,3492.769
2021-11-24,3478.662
2021-11-25,3474.451
2021-11-26,3468.865
2021-11-29,3503.409
2021-11-30,3495.593
2021-12-01,3473.366
2021-12-02,3466.914
2021-12-03,3478.666
2021-12-06,3405.935
2021-12-07,3368.784
2021-12-08,3424.704
2021-12-09,3459.319
2021-12-10,3466.797
2021-12-13,3496.962
2021-12-14,3495.06
2021-12-15,3464.758
2021-12-16,3490.449
2021-12-17,3434.339
2021-12-20,3332.606
2021-12-21,3350.429
2021-12-22,3368.699
2021-12-23,3373.703
2021-12-24,3297.106
2021-12-27,3293.811
2021-12-28,3328.559
2021-12-29,3281.897
2021-12-30,3322.795
2021-12-31,3322.673
2022-01-04,3250.159
2022-01-05,3161.507
2022-01-06,3127.48
2022-01-07,3096.881
2022-01-10,3095.689
2022-01-11,3056.153
2022-01-12,3136.685
2022-01-13,3083.141
2022-01-14,3119.408
2022-01-17,3170.408
2022-01-18,3144.333
2022-01-19,3075.977
2022-01-20,3065.994
2022-01-21,3034.679
2022-01-24,3056.434
2022-01-25,2974.955
2022-01-26,3004.412
2022-01-27,2906.763
2022-01-28,2908.945
2022-02-07,2917.864
2022-02-08,2846.482
2022-02-09,2883.597
2022-02-10,2826.517
2022-02-11,2746.383
2022-02-14,2732.01
2022-02-15,2816.444
2022-02-16,2818.397
2022-02-17,2839.825
2022-02-18,2826.813
2022-02-21,2804.598
2022-02-22,2765.91
2022-02-23,2843.866
2022-02-24,2783.899
2022-02-25,2855.803
2022-02-28,2881.306
2022-03-01,2885.786
2022-03-02,2834.636
2022-03-03,2791.949
2022-03-04,2748.638
2022-03-07,2630.371
2022-03-08,2582.986
2022-03-09,2566.719
2022-03-10,2635.194
2022-03-11,2665.462
2022-03-14,2570.447
2022-03-15,2504.782
2022-03-16,2635.083
2022-03-17,2710.726
2022-03-18,2713.795
2022-03-21,2726.18
2022-03-22,2688.234
2022-03-23,2715.954
2022-03-24,2706.215
2022-03-25,2637.944
2022-03-28,2594.128
2022-03-29,2592.666
2022-03-30,2696.826
2022-03-31,2659.492
2022-04-01,2666.969
2022-04-06,2633.91
2022-04-07,2578.533
2022-04-08,2569.911
2022-04-11,2462.043
2022-04-12,2523.694
2022-04-13,2466.841
2022-04-14,2466.293
2022-04-15,2460.362
2022-04-18,2487.774
2022-04-19,2453.545
2022-04-20,2363.653
2022-04-21,2312.456
2022-04-22,2296.595
2022-04-25,2169.004
2022-04-26,2150.513
2022-04-27,2269.171
2022-04-28,2227.655
2022-04-29,2319.137
2022-05-05,2288.404
2022-05-06,2244.969
2022-05-09,2228.073
2022-05-10,2276.345
2022-05-11,2346.152
2022-05-12,2351.271
2022-05-13,2358.161
2022-05-16,2331.23
2022-05-17,2369.089
2022-05-18,2365.377
2022-05-19,2377.127
2022-05-20,2417.349
2022-05-23,2410.122
2022-05-24,2318.075
2022-05-25,2325.597
2022-05-26,2321.134
2022-05-27,2322.482
2022-05-30,2350.385
2022-05-31,2405.085
2022-06-01,2428.957
2022-06-02,2458.256
2022-06-06,2554.659
2022-06-07,2554.626
2022-06-08,2576.335
2022-06-09,2500.205
2022-06-10,2556.473
2022-06-13,2546.488
2022-06-14,2548.314
2022-06-15,2575.086
2022-06-16,2585.471
2022-06-17,2657.212
2022-06-20,2710.141
2022-06-21,2692.985
2022-06-22,2677.285
2022-06-23,2760.102
2022-06-24,2824.44
2022-06-27,2830.597
2022-06-28,2840.419
2022-06-29,2768.61
2022-06-30,2810.601
2022-07-01,2781.943
2022-07-04,2834.689
2022-07-05,2825.131
2022-07-06,2802.715
2022-07-07,2849.706
2022-07-08,2817.639
2022-07-11,2767.461
2022-07-12,2702.693
2022-07-13,2746.86
2022-07-14,2819.129
2022-07-15,2760.499
2022-07-18,2800.357
2022-07-19,2750.866
2022-07-20,2765.162
2022-07-21,2751.415
2022-07-22,2737.314
2022-07-25,2704.945
2022-07-26,2713.458
2022-07-27,2714.249
2022-07-28,2705.901
2022-07-29,2670.451
2022-08-01,2733.736
2022-08-02,2678.621
2022-08-03,2628.818
2022-08-04,2640.776
2022-08-05,2683.602
2022-08-08,2675.686
2022-08-09,2694.8
2022-08-10,2658.585
2022-08-11,2721.492
2022-08-12,2690.831
2022-08-15,2718.593
2022-08-16,2731.393
2022-08-17,2777.91
2022-08-18,2775.821
2022-08-19,2734.218
2022-08-22,2779.015
2022-08-23,2780.306
2022-08-24,2679.048
2022-08-25,2667.301
2022-08-26,2640.291
2022-08-29,2630.505
2022-08-30,2612.142
2022-08-31,2570.415
2022-09-01,2533.854
2022-09-02,2533.023
2022-09-05,2538.204
2022-09-06,2540.635
2022-09-07,2570.802
2022-09-08,2523.006
2022-09-09,2548.216
2022-09-13,2550.625
2022-09-14,2503.824
2022-09-15,2424.192
2022-09-16,2367.398
2022-09-19,2350.376
2022-09-20,2366.904
2022-09-21,2331.516
2022-09-22,2319.419
2022-09-23,2303.905
2022-09-26,2323.052
2022-09-27,2374.737
2022-09-28,2313.77
2022-09-29,2332.995
2022-09-30,2288.969
2022-10-10,2236.245
2022-10-11,2261.892
2022-10-12,2343.3
2022-10-13,2350.686
2022-10-14,2434.219
2022-10-17,2435.023
2022-10-18,2446.928
2022-10-19,2425.957
2022-10-20,2401.716
2022-10-21,2395.157
2022-10-24,2336.838
2022-10-25,2314.551
2022-10-26,2372.876
2022-10-27,2337.253
2022-10-28,2250.51
2022-10-31,2265.078
2022-11-01,2337.653
2022-11-02,2375.862
2022-11-03,2376.061
2022-11-04,2451.223
2022-11-07,2454.694
2022-11-08,2432.403
2022-11-09,2399.336
2022-11-10,2357.125
2022-11-11,2405.318
2022-11-14,2375.207
2022-11-15,2431.733
2022-11-16,2402.905
2022-11-17,2385.861
2022-11-18,2389.76
2022-11-21,2387.295
2022-11-22,2343.554
2022-11-23,2340.337
2022-11-24,2335.524
2022-11-25,2309.36
2022-11-28,2298.802
2022-11-29,2339.793
2022-11-30,2345.313
2022-12-01,2381.183
2022-12-02,2383.322
2022-12-05,2377.107
2022-12-06,2393.281
2022-12-07,2414.043
2022-12-08,2411.812
2022-12-09,2420.629
2022-12-12,2401.522
2022-12-13,2376.205
2022-12-14,2368.079
2022-12-15,2399.124
2022-12-16,2373.723
2022-12-19,2346.697
2022-12-20,2310.799
2022-12-21,2303.703
2022-12-22,2295.32
2022-12-23,2286.188
2022-12-26,2331.41
2022-12-27,2359.5
2022-12-28,2338.258
2022-12-29,2349.383
2022-12-30,2346.767
2023-01-03,2356.424
2023-01-04,2335.122
2023-01-05,2399.458
2023-01-06,2422.141
2023-01-09,2440.366
2023-01-10,2474.005
2023-01-11,2445.971
2023-01-12,2458.494
2023-01-13,2493.126
2023-01-16,2539.521
2023-01-17,2545.555
2023-01-18,2543.896
2023-01-19,2571.438
2023-01-20,2585.963
2023-01-30,2613.885
2023-01-31,2580.839
2023-02-01,2613.689
2023-02-02,2602.316
2023-02-03,2580.111
2023-02-06,2544.091
2023-02-07,2537.969
2023-02-08,2525.877
2023-02-09,2569.733
2023-02-10,2545.156
2023-02-13,2573.181
2023-02-14,2565.155
2023-02-15,2547.198
2023-02-16,2512.499
2023-02-17,2449.351
2023-02-20,2480.794
2023-02-21,2469.807
2023-02-22,2451.898
2023-02-23,2457.482
2023-02-24,2428.936
2023-02-27,2409.794
2023-02-28,2429.027
2023-03-01,2443.946
2023-03-02,2418.598
2023-03-03,2422.437
2023-03-06,2431.556
2023-03-07,2383.731
2023-03-08,2377.584
2023-03-09,2372.68
2023-03-10,2370.358
2023-03-13,2357.068
2023-03-14,2343.11
2023-03-15,2337.463
2023-03-16,2302.049
2023-03-17,2293.67
2023-03-20,2291.918
2023-03-21,2337.257
2023-03-22,2341.923
2023-03-23,2361.409
2023-03-24,2370.38
2023-03-27,2398.015
2023-03-28,2369.172
2023-03-29,2371.19
2023-03-30,2383.038
2023-03-31,2399.502
2023-04-03,2440.207
2023-04-04,2421.655
2023-04-06,2426.567
2023-04-07,2446.945
2023-04-10,2443.521
2023-04-11,2439.396
2023-04-12,2429.293
2023-04-13,2405.76
2023-04-14,2428.09
2023-04-17,2434.442
2023-04-18,2431.1
2023-04-19,2415.76
2023-04-20,2386.674
2023-04-21,2341.191
2023-04-24,2301.238
2023-04-25,2259.193
2023-04-26,2294.057
2023-04-27,2307.271
2023-04-28,2324.715
2023-05-04,2297.67
2023-05-05,2267.632
2023-05-08,2273.4
2023-05-09,2245.823
2023-05-10,2262.217
2023-05-11,2276.571
2023-05-12,2252.38
2023-05-15,2299.93
2023-05-16,2294.192
2023-05-17,2293.644
2023-05-18,2277.974
2023-05-19,2278.585
2023-05-22,2280.151
2023-05-23,2253.331
2023-05-24,2245.257
2023-05-25,2244.184
2023-05-26,2229.268
2023-05-29,2203.842
2023-05-30,2218.603
2023-05-31,2193.408
2023-06-01,2206.426
2023-06-02,2233.275
2023-06-05,2202.136
2023-06-06,2164.811
2023-06-07,2129.898
2023-06-08,2123.961
2023-06-09,2143.009
2023-06-12,2152.422
2023-06-13,2166.962
2023-06-14,2163.34
2023-06-15,2237.74
2023-06-16,2270.064
2023-06-19,2265.185
2023-06-20,2271.419
2023-06-21,2211.836
2023-06-26,2186.253
2023-06-27,2191.828
2023-06-28,2182.095
2023-06-29,2180.063
2023-06-30,2215.001
2023-07-03,2228.211
2023-07-04,2232.75
2023-07-05,2212.415
2023-07-06,2192.187
2023-07-07,2169.208
2023-07-10,2198.865
2023-07-11,2216.779
2023-07-12,2196.852
2023-07-13,2237.515
2023-07-14,2224.096
2023-07-17,2207.445
2023-07-18,2200.619
2023-07-19,2177.247
2023-07-20,2155.647
2023-07-21,2163.117
2023-07-24,2146.929
2023-07-25,2192.897
2023-07-26,2191.169
2023-07-27,2184.096
2023-07-28,2219.538
2023-07-31,2236.673
2023-08-01,2223.796
2023-08-02,2218.565
2023-08-03,2241.983
2023-08-04,2263.373
2023-08-07,2240.775
2023-08-08,2228.909
2023-08-09,2228.731
2023-08-10,2239.306
2023-08-11,2187.036
2023-08-14,2164.693
2023-08-15,2148.674
2023-08-16,2132.969
2023-08-17,2147.061
2023-08-18,2118.925
2023-08-21,2084.969
2023-08-22,2086.941
2023-08-23,2038.976
2023-08-24,2064.573
2023-08-25,2040.399
2023-08-28,2060.044
2023-08-29,2118.194
2023-08-30,2117.125
2023-08-31,2102.575
2023-09-01,2100.258
2023-09-04,2118.034
2023-09-05,2111.327
2023-09-06,2101.398
2023-09-07,2056.98
2023-09-08,2049.765
2023-09-11,2063.189
2023-09-12,2051.039
2023-09-13,2027.729
2023-09-14,2011.883
2023-09-15,2002.728
2023-09-18,2020.467
2023-09-19,2002.665
2023-09-20,1987.296
2023-09-21,1967.607
2023-09-22,2013.344
2023-09-25,2005.255
2023-09-26,1989.828
2023-09-27,2006.224
2023-09-28,2003.908
2023-10-09,1998.607
2023-10-10,1987.938
2023-10-11,2003.902
2023-10-12,2019.102
2023-10-13,1996.601
2023-10-16,1956.723
2023-10-17,1961.886
2023-10-18,1938.435
2023-10-19,1913.702
2023-10-20,1896.946
2023-10-23,1864.909
2023-10-24,1880.814
2023-10-25,1863.796
2023-10-26,1875.858
2023-10-27,1929.909
2023-10-30,1977.686
2023-10-31,1968.226
2023-11-01,1959.127
2023-11-02,1939.705
2023-11-03,1968.213
2023-11-06,2032.335
2023-11-07,2022.766
2023-11-08,2023.13
2023-11-09,2018.385
2023-11-10,2005.235
2023-11-13,2009.214
2023-11-14,2004.813
2023-11-15,2015.364
2023-11-16,1978.118
2023-11-17,1986.526
2023-11-20,1992.97
2023-11-21,1984.271
2023-11-22,1950.008
2023-11-23,1961.351
2023-11-24,1937.94
2023-11-27,1926.201
2023-11-28,1938.423
2023-11-29,1917.903
2023-11-30,1922.591
2023-12-01,1926.284
2023-12-04,1908.917
2023-12-05,1871.096
2023-12-06,1881.942
2023-12-07,1877.212
2023-12-08,1892.178
2023-12-11,1915.737
2023-12-12,1903.871
2023-12-13,1872.341
2023-12-14,1860.513
2023-12-15,1848.501
2023-12-18,1819.995
2023-12-19,1827.672
2023-12-20,1802.881
2023-12-21,1832.616
2023-12-22,1825.842
2023-12-25,1831.569
2023-12-26,1808.5
2023-12-27,1809.832
2023-12-28,1879.496
2023-12-29,1891.366
2024-01-02,1855.922
2024-01-03,1834.732
2024-01-04,1801.761
2024-01-05,1775.577
2024-01-08,1744.411
2024-01-09,1750.775
2024-01-10,1743.198
2024-01-11,1777.272
2024-01-12,1761.16
2024-01-15,1745.609
2024-01-16,1752.23
2024-01-17,1699.62
2024-01-18,1732.358
2024-01-19,1715.436
2024-01-22,1666.88
2024-01-23,1687.614
2024-01-24,1696.188
2024-01-25,1720.783
2024-01-26,1682.478
2024-01-29,1623.812
2024-01-30,1583.771
2024-01-31,1573.372
2024-02-01,1589.037
2024-02-02,1550.374
2024-02-05,1562.61
2024-02-06,1667.445
2024-02-07,1707.02
2024-02-08,1726.859
2024-02-19,1746.422
2024-02-20,1746.176
2024-02-21,1752.478
2024-02-22,1757.869
2024-02-23,1758.193
2024-02-26,1751.703
2024-02-27,1793.979
2024-02-28,1748.97
2024-02-29,1807.034
2024-03-01,1824.035
2024-03-04,1834.833
2024-03-05,1833.661
2024-03-06,1832.58
2024-03-07,1789.936
2024-03-08,1807.294
2024-03-11,1890.41
2024-03-12,1906.037
2024-03-13,1895.147
2024-03-14,1883.021
2024-03-15,1884.088
2024-03-18,1926.396
2024-03-19,1906.938
2024-03-20,1909.245
2024-03-21,1897.094
2024-03-22,1869.175
2024-03-25,1833.441
2024-03-26,1841.535
2024-03-27,1789.819
2024-03-28,1806.897
2024-03-29,1818.203
2024-04-01,1872.118
2024-04-02,1860.494
2024-04-03,1840.412
2024-04-08,1807.048
2024-04-09,1827.579
2024-04-10,1789.941
2024-04-11,1782.085
2024-04-12,1762.877
2024-04-15,1795.518
2024-04-16,1760.2
2024-04-17,1797.311
2024-04-18,1787.489
2024-04-19,1756.001
2024-04-22,1750.463
2024-04-23,1753.161
2024-04-24,1765.41
2024-04-25,1764.727
2024-04-26,1823.741
2024-04-29,1887.571
2024-04-30,1858.393
2024-05-06,1895.208
2024-05-07,1892.539
2024-05-08,1865.108
2024-05-09,1900.009
2024-05-10,1878.165
2024-05-13,1860.366
2024-05-14,1855.598
2024-05-15,1838.887
2024-05-16,1844.211
2024-05-17,1864.939
2024-05-20,1875.928
2024-05-21,1861.481
2024-05-22,1877.927
2024-05-23,1852.067
2024-05-24,1818.562
2024-05-27,1830.958
2024-05-28,1806.255
2024-05-29,1811.068
2024-05-30,1813.155
2024-05-31,1805.109
2024-06-03,1819.455
2024-06-04,1843.592
2024-06-05,1833.55
2024-06-06,1820.448
2024-06-07,1781.07
2024-06-11,1787.302
2024-06-12,1779.418
2024-06-13,1777.791
2024-06-14,1791.362
2024-06-17,1806.193
2024-06-18,1811.365
2024-06-19,1788.496
2024-06-20,1762.701
2024-06-21,1755.876
2024-06-24,1731.515
2024-06-25,1700.025
2024-06-26,1730.642
2024-06-27,1703.201
2024-06-28,1683.43
2024-07-01,1682.692
2024-07-02,1665.035
2024-07-03,1660.124
2024-07-04,1647.22
2024-07-05,1655.594
2024-07-08,1628.758
2024-07-09,1652.117
2024-07-10,1651.11
2024-07-11,1685.118
2024-07-12,1683.629
2024-07-15,1673.007
2024-07-16,1696.336
2024-07-17,1696.451
2024-07-18,1717.709
2024-07-19,1725.487
2024-07-22,1723.914
2024-07-23,1671.443
2024-07-24,1650.908
2024-07-25,1644.454
2024-07-26,1659.534
2024-07-29,1635.675
2024-07-30,1630.951
2024-07-31,1688.142
2024-08-01,1665.973
2024-08-02,1638.304
2024-08-05,1607.288
2024-08-06,1627.355
2024-08-07,1620.332
2024-08-08,1611.509
2024-08-09,1595.642
2024-08-12,1592.394
2024-08-13,1607.186
2024-08-14,1584.328
2024-08-15,1592.71
2024-08-16,1591.461
2024-08-19,1589.287
2024-08-20,1567.969
2024-08-21,1558.512
2024-08-22,1546.631
2024-08-23,1546.903
2024-08-26,1545.309
2024-08-27,1530.744
2024-08-28,1531.45
2024-08-29,1541.4
2024-08-30,1580.459
2024-09-02,1536.95
2024-09-03,1556.321
2024-09-04,1554.64
2024-09-05,1564.723
2024-09-06,1538.072
2024-09-09,1539.038
2024-09-10,1539.98
2024-09-11,1558.328
2024-09-12,1551.814
2024-09-13,1535.168
2024-09-18,1533.473
2024-09-19,1546.474
2024-09-20,1536.599
2024-09-23,1530.506
2024-09-24,1615.322
2024-09-25,1641.542
2024-09-26,1714.144
2024-09-27,1885.489
2024-09-30,2175.086
2024-10-08,2550.276
2024-10-09,2280.096
2024-10-10,2212.909
2024-10-11,2100.871
2024-10-14,2155.403
2024-10-15,2085.986
2024-10-16,2039.95
2024-10-17,2033.484
2024-10-18,2195.101
2024-10-21,2210.335
2024-10-22,2216.99
2024-10-23,2205.302
2024-10-24,2175.095
2024-10-25,2238.897
2024-10-28,2229.118
2024-10-29,2177.306
2024-10-30,2151.515
2024-10-31,2164.462
2024-11-01,2123.738
2024-11-04,2185.984
2024-11-05,2289.841
2024-11-06,2265.833
2024-11-07,2350.76
2024-11-08,2321.587
2024-11-11,2392.443
2024-11-12,2390.803
2024-11-13,2417.252
2024-11-14,2334.964
2024-11-15,2243.62
2024-11-18,2190.95
2024-11-19,2256.607
2024-11-20,2267.855
2024-11-21,2265.866
2024-11-22,2175.571
2024-11-25,2175.184
2024-11-26,2150.097
2024-11-27,2208.781
2024-11-28,2169.803
2024-11-29,2224.003
2024-12-02,2255.498
2024-12-03,2245.499
2024-12-04,2213.406
2024-12-05,2221.457
2024-12-06,2267.064
2024-12-09,2248.627
2024-12-10,2264.051
2024-12-11,2261.582
2024-12-12,2292.145
2024-12-13,2235.259
2024-12-16,2201.532
2024-12-17,2201.181
2024-12-18,2202.137
2024-12-19,2213.543
2024-12-20,2209.662
2024-12-23,2187.945
2024-12-24,2213.548
2024-12-25,2201.296
2024-12-26,2209.846
2024-12-27,2204.896
2024-12-30,2206.285
2024-12-31,2141.596
2025-01-02,2060.442
2025-01-03,2015.967
2025-01-06,2014.19
2025-01-07,2028.358
2025-01-08,2008.444
2025-01-09,2010.66
2025-01-10,1975.305
2025-01-13,1982.459
2025-01-14,2075.756
2025-01-15,2037.933
2025-01-16,2051.351
2025-01-17,2067.275
2025-01-20,2104.728
2025-01-21,2112.39
2025-01-22,2101.035
2025-01-23,2093.313
2025-01-24,2121.839
2025-01-27,2063.82
2025-02-05,2062.923
2025-02-06,2120.745
2025-02-07,2174.351
2025-02-10,2183.877
2025-02-11,2152.732
2025-02-12,2191.76
2025-02-13,2176.156
2025-02-14,2215.298
2025-02-17,2226.615
2025-02-18,2182.574
2025-02-19,2226.982
2025-02-20,2225.584
2025-02-21,2281.512
2025-02-24,2266.244
2025-02-25,2240.589
2025-02-26,2268.215
2025-02-27,2256.508
2025-02-28,2170.392
2025-03-03,2196.525
2025-03-04,2190.078
2025-03-05,2190.362
2025-03-06,2234.689
2025-03-07,2205.307
2025-03-10,2199.877
2025-03-11,2204.03
2025-03-12,2191.268
2025-03-13,2166.004
2025-03-14,2226.716
2025-03-17,2215.127
2025-03-18,2228.644
2025-03-19,2222.347
2025-03-20,2200.032
2025-03-21,2152.279
2025-03-24,2152.555
2025-03-25,2145.479
2025-03-26,2139.902
2025-03-27,2145.095
2025-03-28,2128.209
2025-03-31,2103.699
